year,month,mtavg ,mtmin ,mtmax ,mean wspd,mean sea level air pressure,mean station level pressure ,mean relative humidity,mean cloud amount,mean percent possible sunshine,monthly total sunshine hours,monthly total precipitation
1882,10,15.3,9,21.4,,1016.3,,80,,,,67.3
1882,11,10.4,4.7,16.7,,1017.2,,81,,,,73.8
1882,0,3.8,-0.7,8.9,,1021.3,,83,,,,58.5
1882,1,4.3,-0.3,9.2,,1020.9,,82,,,,98.2
1882,2,4.4,0.4,8.4,,1019.7,,76,,,,57.1
1882,3,5.5,-0.8,11.8,,1017.6,,75,,,,72.5
1882,4,13,6.4,18.8,,1014.1,,76,,,,208
1882,5,16.5,9.2,22.1,,1010.3,,72,,,,129.4
1882,6,20.4,15.5,25.1,,1007.3,,77,,,,167.6
1882,7,25.1,20.6,29.8,,1009.9,,77,,,,95.7
1882,8,25.5,20.8,30.1,,1010.7,,76,,,,124.4 )
1882,9,21.6,16.2,27,,1012.7,,77,,,,113.4
1883,10,16.6,10.6,22.2,,1016.3,,78,,,,107.8
1883,11,9.3,3.3,15.3,,1020.5,,80,,,,72.2
1883,0,2.9,-3.1,9.5,,1020.8,,80,,,,11.9
1883,1,2.3,-2.6,7.6,,1019.1,,80,,,,66.9
1883,2,3.1,-1.5,7.9,,1020.9,,78,,,,89.5
1883,3,5.6,-0.3,11.3,,1015.1,,72,,,,89.8
1883,4,11.6,5.5,17.2,,1016,,73,,,,121.3
1883,5,16.1,10.1,21.7,,1011.1,,72,,,,112.5
1883,6,21.1,15.3,26.7,,1010.5,,74,,,,139.3
1883,7,25.9,20.4,31.4,,1008,,73,,,,70.8
1883,8,26.8,20.7,33.2,,1010.3,,67,,,,18.4
1883,9,22.7,17.2,28.8,,1012.8,,73,,,,109.9
1884,10,17.4,12.8,22.3,,1016.5,,82,,,,260.6
1884,11,9,3.7,14.7,,1020,,84,,,,37.8
1884,0,3.5,-1.9,9.5,,1017.9,,76,,,,34.7
1884,1,1.9,-2.6,7,,1020.5,,83,,,,76
1884,2,1.6,-3,6.4,,1019.9,,81,,,,67.5
1884,3,5.6,0.3,10.7,,1016.5,,75,,,,169.2
1884,4,11.7,5.8,17.4,,1015.9,,74,,,,140.4
1884,5,16.7,10.6,22.7,,1011.6,,74,,,,118.7
1884,6,21,16.3,25.6,,1009.6,,79,,,,216
1884,7,25.1,20.9,29.4,,1011.1,,82,,,,329.7
1884,8,25.1,20.6,29.8,,1008.3,,74,,,,76.6
1884,9,23,18.4,28,,1012.9,,77,,,,270.6
1885,10,14.7,8.8,20.8,,1018.4,,78,,,,32.3
1885,11,7.1,1.7,12.8,,1018,,80,,,,62.7
1885,0,2.6,-2.7,8.4,,1020.3,,79,,,,24
1885,1,0.8,-3.8,5.7,,1021.7,,81,,,,47
1885,2,1.2,-3.5,6.4,,1019.1,,74,,,,14.4
1885,3,3.8,-1.7,9.4,,1017.9,,74,,,,105.7
1885,4,12.5,7.5,17.2,,1016.5,,78,,,,302.4
1885,5,15.9,9.4,21.7,,1012.5,,70,,,,86.7
1885,6,21.5,17.7,25.4,,1009.1,,83,,,,579.4
1885,7,24.6,20.2,29.1,,1009.2,,76,,,,212.1
1885,8,26.5,21.7,31.7,,1010,,75,,,,108.3
1885,9,23.4,18.6,28.6,,1011.7,,76,,,,52.9
1886,10,16.8,11.6,22.4,,1016,,80,,,,160.7
1886,11,9.8,4.5,15.5,,1018.1,,81,,,,91.1
1886,0,5.1,0,10.8,,1018.7,,81,,,,45.5
1886,1,1.4,-3.6,6.3,,1017.1,,76,,,,47.8
1886,2,1,-4,6,,1018.9,,76,,,,47.1
1886,3,7,1.5,12.2,,1019.5,,74,,,,122.7
1886,4,12.4,6.4,18.2,,1016.5,,73,,,,90.6
1886,5,16.9,11.6,22,,1013.2,,75,,,,216.8
1886,6,21.4,16.4,26.4,,1010.8,,74,,,,134.6
1886,7,26,20.5,31.8,,1010.4,,71,,,,34.2
1886,8,27.3,22.1,33.3,,1011.9,,70,,,,105.5
1886,9,23,18.9,27.5,,1011.9,,79,,,,224.6
1887,10,17.1,12.1,22.2,,1017.5,,79,,,,187.8
1887,11,10.2,5.4,15.4,,1020.1,,84,,,,203.1
1887,0,3.9,-1.5,9.6,,1018.4,,79,,,,27.3
1887,1,3.5,-0.6,7.5,,1020.1,,81,,,,124.5
1887,2,2.9,-2.1,8.5,,1020.1,,75,,,,9
1887,3,5.3,-1.1,11.7,,1016.8,,71,,,,102.1
1887,4,12.1,5.4,18.6,,1013.5,,70,,,,147.2
1887,5,15.5,9.5,21,,1013.9,,71,,,,107.6
1887,6,20.7,15.4,25.6,,1006.9,,76,,,,238.9
1887,7,25,20.2,29.8,,1011.1,,77,,,,126.4
1887,8,26.3,22.1,31.1,,1009.9,,79,,,,160.6
1887,9,21.5,16.6,26.6,,1012.9,,79,,,,84.7
1888,10,17.3,11.7,23.5,,1016.9,,78,,,,202.4
1888,11,9.7,3.6,16.5,,1019.7,,82,,,,47.3
1888,0,4.6,-1.1,10.6,,1018.3,,76,,,,48.4
1888,1,2.9,-2.7,8.9,,1018.9,,74,,,,17
1888,2,1.7,-3.6,7.3,,1020.5,,74,,,,19
1888,3,7.5,0.8,13.4,,1018.5,,70,,,,129.8
1888,4,13.1,7.3,18.8,,1014.7,,75,,,,202.4
1888,5,17.2,10.6,22.8,,1011.1,,74,,,,105.1
1888,6,19.6,14.1,24.7,,1006.1,,77,,,,129.3
1888,7,26,21.8,30.4,,1008.7,,80,,,,122.6
1888,8,26.8,22.5,32,,1011.1,,77,,,,128.4
1888,9,21.3,16.1,27.3,,1012.4,,78,,,,128.1
1889,10,14.8,8.5,21.6,,1018.4,,79,,,,76.7
1889,11,11.7,6,18.3,,1018.5,,80,,,,104.7
1889,0,5.3,-0.2,11.2,,1020.5,,83,,,,78.7
1889,1,2.1,-3,7.2,,1020.9,,74,,,,20.7
1889,2,2.6,-2.5,7.6,,1017.9,,76,,,,61.8
1889,3,6.6,0,12.8,,1019.3,,73,,,,77.8
1889,4,12.5,6.6,17.8,,1016,,73,,,,303.1
1889,5,15.6,9.2,21.4,,1013.9,,71,,,,78
1889,6,21.9,16.5,26.9,,1008.8,,77,,,,211.9
1889,7,24.7,21.2,28.5,,1008.4,,85,,,,488.4
1889,8,26.2,21.7,31.2,,1009.2,,80,,,,228.2
1889,9,20.3,15.7,25.4,,1011.7,,81,,,,174.1
1890,10,14.9,9.4,21.1,,1016.5,,79,,45,156.5,139.6
1890,11,9.1,3.5,15.6,,1021.1,,79,,48,147.9,113.2
1890,0,4.9,-0.5,10.3,,1021.2,,80,,38,115,69.4
1890,1,3.3,-1.9,8.5,,1019.9,,80,,40,125.1,53.4
1890,2,6.6,1,12,,1019.2,,77,,36,110.2,116.1
1890,3,8.6,3,13.7,,1018.4,,73,,37,136.4,210.2
1890,4,14.2,8.2,19.6,,1015.1,,75,,35,138,246
1890,5,17.3,11.7,22.5,,1011.3,,73,,33,144.2,318.7
1890,6,22,16.7,27,,1009.9,,75,,42,179.6,184.6
1890,7,25,19.9,30.3,,1010.7,,76,,45,199.4,192.8
1890,8,26.5,21.9,31.9,,1004.9,,74,,54,226.1,62.2
1890,9,24,19.5,29.2,,1009.7,,77,,54,202.2,198.5
1891,10,16.1,11.1,21.7,,1014.5,,79,,41,143.6,195.7
1891,11,10.5,4.4,17.4,,1021.1,,81,,45,140.2,83.5
1891,0,9,3.4,14.2,,1017.1,,80,,37,112.1,154.7
1891,1,2,-3.3,7.5,,1018,,76,,34,107.1,33.4
1891,2,3.8,-1.5,8.8,,1019.9,,77,,37,111.4,62.4
1891,3,7.8,1.5,13.9,,1017.9,,71,,46,168.1,121.2
1891,4,12.1,5.1,18.7,,1017.3,,68,,54,211.3,88.2
1891,5,17.6,9.5,25,,1010.5,,67,,68,293.3,64
1891,6,20.6,15,25.9,,1008.8,,74,,48,207.4,162.2
1891,7,25.1,21.4,29.4,,1008.7,,83,,36,159.5,224.9
1891,8,25.6,20.8,30.8,,1011.2,,80,,53,221.2,308.7
1891,9,24.4,19.9,29.2,,1013.2,,80,,40,150.4,154.1
1892,10,15.7,8.9,23.1,,1016.7,,77,,72,250.1,10.5
1892,11,10.1,3.9,17.2,,1019.6,,80,,56,173.4,44.8
1892,0,4.9,-1.6,11.8,,1022.9,,79,,55,165.9,53.6
1892,1,2.3,-3.1,9.3,,1020.9,,77,,49,153.3,22.6
1892,2,2.8,-2.3,9.4,,1017.9,,77,,48,150.8,120.4
1892,3,4.7,0.1,10.8,,1017.6,,72,,42,153.8,110.3
1892,4,12.4,6.5,18.5,,1015.5,,74,,46,178.2,149.7
1892,5,16.4,10.9,22.8,,1012,,75,,46,199.3,264.3
1892,6,21.3,17.4,26.2,,1009.1,,82,,27,117.9,348.2
1892,7,26.4,22.7,31.8,,1009.9,,79,,45,198.5,247.6
1892,8,26.2,21.4,32.8,,1011.2,,76,,63,264,36.8
1892,9,23.2,19.7,28.4,,1009.5,,77,,42,156.4,185.4
1893,10,15.1,10.1,21.8,,1017.2,,82,,45,158.1,148.9
1893,11,8.7,3.2,15.9,,1018.9,,80,,52,160.5,100.5
1893,0,2,-3.1,9.2,,1019.9,,77,,52,158.7,21.3
1893,1,1.9,-2.4,7.8,,1016.9,,76,,49,151,71.9
1893,2,0.8,-3.7,7.1,,1020,,76,,47,141.3,43.5
1893,3,5,-1,12.5,,1017.7,,68,,57,209.6,49.8
1893,4,12,6.2,19.2,,1013.6,,71,,52,203.3,137
1893,5,15.8,10.2,22,,1013.7,,76,,39,169.9,237.4
1893,6,19.8,14.9,25.5,,1011.6,,78,,44,188.7,146.2
1893,7,26,20.4,33,,1009.1,,73,,67,294.9,59.4
1893,8,26.4,22.2,32.8,,1009.6,,78,,58,242.3,142.2
1893,9,23.5,19.3,29.4,,1015.1,,80,,46,170.1,156.6
1894,10,16.1,11.6,22.5,,1017.5,,83,,46,161.4,218.1
1894,11,8.1,2.6,15.5,,1018.9,,81,,57,176.8,75.9
1894,0,3,-2.1,10.5,,1020.4,,80,,49,147.4,11.5
1894,1,1.9,-2.8,8.7,,1018.8,,79,,42,129.2,37.4
1894,2,2.5,-2.9,9.5,,1021.2,,76,,56,171.3,70.1
1894,3,7.5,2.8,13.8,,1018.1,,75,,44,161.2,126.5
1894,4,13.3,7.6,20,,1015.7,,75,,43,167.9,213.3
1894,5,16.1,9,23.8,,1013.6,,70,,56,242.3,43.7
1894,6,23.4,18.5,29.6,,1011.6,,75,,48,209.4,132.1
1894,7,26.9,22.5,33.3,,1010,,77,,58,256,121.2
1894,8,27.2,22.4,33.5,,1006.9,,76,,63,261.8,65.8
1894,9,22.2,17.8,28.1,,1013.2,,78,,45,166.5,104.2
1895,10,14.9,9.6,21.9,,1018,,80,,49,170.6,88.8
1895,11,10.7,4.6,18.6,,1020.8,,80,,65,199.9,70.8
1895,0,4.1,-0.8,11.1,,1020.1,,81,,45,138,57.7
1895,1,1.4,-4,8.2,,1019.2,,78,,59,183,42.9
1895,2,2.3,-3.3,9.3,,1018.5,,72,,59,180.2,103.8
1895,3,6.8,1.3,13.8,,1017.9,,77,,46,168.4,129.4
1895,4,12.4,5.5,20.1,,1015.6,,70,,55,213.1,58.3
1895,5,17.2,11.1,24,,1014.3,,72,,50,215.7,116
1895,6,20.5,15.4,26.8,,1009.9,,77,,40,175.2,406.6
1895,7,23.4,19.7,28.3,,1007.3,,80,,29,128.6,297.7
1895,8,26.7,22.7,32.7,,1008.3,,77,,57,236.1,205.6
1895,9,22.5,17.7,28.5,,1014,,77,,45,167.7,122.9
1896,10,15.9,10.7,22.7,,1015.1,,82,,50,173.3,143
1896,11,8.8,3.1,16.4,,1020.7,,82,,50,155.4,52.3
1896,0,4.2,-1.1,11.2,,1018.4,,78,,54,164.8,57.6
1896,1,2.5,-2.4,9.3,,1017.3,,74,,49,152.3,28.1
1896,2,2.9,-1.6,9.2,,1020.9,,76,,44,137.9,83.3
1896,3,4.6,-0.8,11.1,,1020,,75,,46,170.5,65.3
1896,4,13.4,7.6,19.8,,1018.1,,77,,44,171.3,244.6
1896,5,16.4,10.1,23,,1014.1,,74,,46,200.5,73.2
1896,6,22.1,17.9,27.2,,1011.2,,81,,31,135.3,158.4
1896,7,24.3,20.2,29.4,,1008.5,,81,,45,199.9,361.1
1896,8,25.7,21.4,31.6,,1010.3,,79,,57,237.5,226.7
1896,9,21.3,16.9,27.2,,1010.7,,82,,42,156.5,316.4
1897,10,15.2,9.8,21.8,,1018,,83,,51,178.5,181.3
1897,11,9.3,3.2,17.2,,1018.4,,82,,61,187.2,164.2
1897,0,4,-1.3,10.9,,1021.3,,78,,53,160.6,71.1
1897,1,3.6,-1.4,9.6,,1021.3,,81,,41,126.8,82.5
1897,2,2.9,-2,9.4,,1020.3,,75,,53,161.8,44.3
1897,3,6.2,1.2,12.3,,1021.6,,73,,46,170.7,147.2
1897,4,11.1,4.8,17.6,,1016,,72,,53,206.1,196.5
1897,5,16.5,10.8,22.5,,1010.8,,75,,44,191.9,172.2
1897,6,19.5,13.8,25.2,,1008.5,,75,,54,235.3,127.3
1897,7,24.8,20.6,29.6,,1010.1,,80,,48,213.6,234.5
1897,8,26.7,22.4,32.3,,1010.5,,79,,65,268.5,98.5
1897,9,21.6,17.5,26.7,,1013.1,,85,,40,150.4,450.6
1898,10,13.9,7.6,21.3,,1017.9,,80,,65,225.6,62.6
1898,11,10,3.9,17.5,,1019.3,,82,,54,167.9,106.3
1898,0,2.7,-3.3,9.7,,1022.9,,78,,55,168.4,19.2
1898,1,3.2,-1.7,9.3,,1021.9,,84,,42,129.8,132.6
1898,2,3.9,-1.3,10.1,,1015.3,,77,,51,156,83.8
1898,3,5.4,0,11.7,,1018.9,,75,,41,152,74.3
1898,4,10.5,3.1,17.9,,1016,,71,,56,220.1,96.4
1898,5,16.5,9.8,23.6,,1010.8,,75,,57,244.8,144.6
1898,6,21.1,16.6,26.3,,1008.5,,78,,44,188.5,208.7
1898,7,25.9,21.2,31.2,,1011.3,,77,,60,264.3,125.5
1898,8,26.7,22.2,32.4,,1011.2,,77,,62,259.2,150
1898,9,22.1,17.6,27.9,,1011.7,,81,,56,206.3,186.5
1899,10,15.6,9.8,23,,1017.2,,81,,59,206.4,46.4
1899,11,11.3,5.6,17.7,,1020.4,,83,,50,153.9,115.4
1899,0,5.5,0.4,12.1,,1018.1,,83,,49,150.1,80.5
1899,1,2.3,-2.8,9.2,,1019.7,,79,,60,187.7,45.4
1899,2,4,-1,10.4,,1020.3,,78,,48,146.2,97.5
1899,3,7.1,0.8,14.7,,1017.9,,74,,63,231.1,156.1
1899,4,12,5,19.3,,1016.5,,75,,57,224.4,152.1
1899,5,18,12.1,24.4,,1013.9,,75,,49,212,63.6
1899,6,22.3,17.7,27.6,,1010.5,,81,,46,199.7,304.2
1899,7,24.9,20.7,30,,1005.5,,81,,49,216.1,295.8
1899,8,25.6,21.1,31.2,,1012.1,,82,,52,217.7,202.1
1899,9,20.1,16,25.6,,1013.6,,85,,37,137.3,437
1900,10,12.6,6.9,19.7,,1017.5,,82,,56,197.3,111.8
1900,11,7,0.9,14.6,,1020.7,,85,,56,174.7,26.3
1900,0,5,-0.9,11.7,,1019.9,,84,,42,128.9,55.9
1900,1,1.5,-2.9,6.9,,1021.3,,80,,45,139.3,60.2
1900,2,2.6,-2.7,8.5,,1020.8,,75,,46,145,43.5
1900,3,5.2,-1,12,,1018,,74,,50,183.7,90.7
1900,4,12.3,5.7,18.7,,1016.8,,74,,51,198.1,221.7
1900,5,17.5,10.9,24.1,,1010.7,,72,,59,256.1,120.4
1900,6,20.4,13.9,26.5,,1011.7,,71,,57,247.8,106
1900,7,23.8,19.1,28.6,,1007.9,,80,,39,172.2,159
1900,8,26.6,22,31.9,,1010.3,,78,,56,233.7,252.2
1900,9,22.6,17.5,28.4,,1013.2,,80,,50,186.6,156.2
1901,10,15.4,9.3,22.1,,1019.3,,81,,54,188.3,161.7
1901,11,10.3,4.1,17,,1019.9,,82,,49,153.1,100.1
1901,0,4.3,-2,10.7,,1021.3,,78,,49,150.2,39.9
1901,1,4.2,-1.1,9.5,,1021.1,,83,,33,104.1,97.3
1901,2,1.6,-3.9,7.9,,1015.5,,76,,48,147,38.7
1901,3,5.2,-2.4,12.9,,1020.1,,73,,60,223.3,80.5
1901,4,13.2,6.5,19.5,,1016.5,,73,,45,174.8,146.3
1901,5,15.9,9,22.6,,1012.1,,72,,48,208.2,62.5
1901,6,20.8,15.1,26.2,,1008,,77,,41,175.8,267.8
1901,7,23.7,19,28.2,,1008.1,,81,,36,159.9,259.4
1901,8,25.8,20.2,32.2,,1011.3,,76,,64,266.3,76.4
1901,9,21.8,16,28.7,,1011.6,,76,,57,210.4,66.8
1902,10,17.1,11.4,23.1,,1016.3,,82,,43,151.2,164.7
1902,11,8.8,2.4,15.9,,1019.3,,81,,49,150.5,57
1902,0,3.3,-3.5,11,,1020.5,,76,,56,171,50.4
1902,1,1.7,-4.6,8.8,,1019.9,,76,,50,156,26.8
1902,2,2.4,-4.6,9.7,,1022.9,,72,,59,180.3,4.7
1902,3,7.8,0.9,14.7,,1018,,76,,50,184.1,138.3
1902,4,10.7,3.6,16.9,,1015.7,,74,,45,176.5,149
1902,5,16.5,10.2,22.3,,1012.5,,75,,42,182.8,286.2
1902,6,20,14.1,25.7,,1008,,76,,45,195.5,145.5
1902,7,23.1,18.1,27.7,,1008.4,,80,,36,156.7,139.1
1902,8,24.4,19.6,29.7,,1010.1,,80,,45,185.6,243.4
1902,9,21.9,16.8,27.2,,1010.5,,79,,47,175,164.3
1903,10,15.1,8.9,22.1,,1019.2,,82,,56,196.7,99.4
1903,11,10.7,4,17.7,,1021.5,,84,,49,152,96.1
1903,0,6.6,0.4,12.7,,1017.3,,83,,38,116.9,81.4
1903,1,3.8,-1.9,9.9,,1019.5,,79,,43,133.6,80.6
1903,2,3.5,-2.3,9.2,,1020.9,,79,,41,125.8,96.7
1903,3,8.5,2.2,14.1,,1018.5,,75,,37,136.9,193.7
1903,4,13.2,8,18.6,,1017.2,,76,,39,152,180.3
1903,5,15.2,8.8,21.4,,1014.5,,73,,47,201,266.8
1903,6,19.8,14.5,25.4,,1008,,75,,45,194.3,151
1903,7,23.2,19.4,27.6,,1009.5,,84,,31,135.6,626.9
1903,8,26.2,20.4,33,,1012.4,,75,,67,277.3,13.5
1903,9,23.8,18.9,30.8,,1013.6,,78,,51,188.8,172.3
1904,10,15.7,10.1,22.5,,1016.8,,82,,43,151.9,146.9
1904,11,8.3,1.7,16.1,,1020.1,,82,,53,165.5,83.7
1904,0,3.3,-2.4,10.5,,1019.6,,77,,47,142,46.9
1904,1,1.5,-4.1,8.1,,1021.5,,78,,45,138.7,30.1
1904,2,4,-2.3,11.5,,1020.8,,77,,50,159,58.8
1904,3,6.3,0.3,13,,1018.4,,75,,43,159,118.3
1904,4,13.4,6.6,20.6,,1018,,76,,41,158.5,145
1904,5,16.1,9.5,22.8,,1012.3,,77,,40,174.7,177.2
1904,6,21.7,16.2,27.8,,1010.5,,80,,42,180.9,345
1904,7,25.8,21.1,31.7,,1009.2,,79,,50,218.7,231.9
1904,8,26.5,20.8,33.5,,1009.9,,73,,67,278.1,86.4
1904,9,20.9,15.8,28.1,,1011.1,,82,,48,177.2,263.9
1905,10,15.3,10.1,22.7,,1016.9,,82,,40,140.3,116.1
1905,11,7.4,1.3,15.7,,1018.7,,81,,51,157.3,41.2
1905,0,5,-0.4,12.3,,1019.9,,81,,47,141.4,51.2
1905,1,4.3,-0.9,10.9,,1017.7,,80,,34,107,56.9
1905,2,2.3,-3.1,9.6,,1017.7,,73,,50,152.3,42
1905,3,6.4,1.1,13,,1021.5,,75,,45,165,104.9
1905,4,11.1,4.4,18.2,,1016.3,,75,,44,170.3,170.1
1905,5,16.8,10.3,23.7,,1014.1,,75,,46,199.7,125
1905,6,21.6,17.3,27,,1008.3,,83,,29,124.7,486.6
1905,7,25.6,21.3,31.4,,1009.5,,79,,52,227.2,225
1905,8,24.3,20.2,29.7,,1009.7,,83,,41,169,348.3
1905,9,22,17.7,28.3,,1014.9,,83,,47,174.3,82.4
1906,10,15.7,10.2,23.9,,1017.7,,82,,51,179.8,127
1906,11,9.7,3.4,18.3,,1021.6,,81,,56,174.4,25.8
1906,0,6.8,1.4,13.4,,1020,,82,,39,119.5,73.9
1906,1,1.6,-3.4,8.7,,1020.9,,80,,45,138.6,64.1
1906,2,3.3,-1.4,9.1,,1016.5,,76,,38,114.3,139.2
1906,3,6.6,0.2,13.9,,1017.3,,73,,48,178.5,63.7
1906,4,11.5,4.1,19.7,,1015.3,,73,,59,229.5,54.7
1906,5,16.5,10.3,23.4,,1013.5,,75,,50,217.7,145.8
1906,6,19.9,14.8,26,,1009.3,,78,,39,168.6,199.4
1906,7,24.9,20.5,30.5,,1004.8,,77,,46,200.6,235.3
1906,8,25.7,20.5,32.5,,1008.7,,77,,50,208,32.2
1906,9,20.7,16.1,26.7,,1013.6,,84,,37,137.7,406.4
1907,10,15.2,9.8,22.4,,1017.6,,82,,47,165.5,172.6
1907,11,8.3,2.4,16,,1022,,79,,47,145.7,31.4
1907,0,4.5,-1.2,11.8,,1018,,76,,54,164.4,37.6
1907,1,3.8,-2,11.1,,1020.1,,77,,46,144.7,58.4
1907,2,1.2,-4.2,8.9,,1019.1,,76,,52,157.1,31.7
1907,3,5.4,-1,13.2,,1018.3,,77,,51,186.5,77.4
1907,4,12,4.9,19.6,,1017.2,,72,,58,226.4,138.2
1907,5,16.2,9,23.8,,1010.5,,73,,58,248.6,151.5
1907,6,19.9,14.5,25.9,,1009.1,,76,,42,182.3,205.1
1907,7,24.7,20.2,30.2,,1008.3,,78,,45,197.4,203.7
1907,8,26.1,21.8,32,,1006.7,,80,,52,215.8,245.6
1907,9,21.5,17,28,,1011.9,,82,,45,167.1,306.1
1908,10,15.2,9.6,23,,1017.6,,80,,53,184.2,154.9
1908,11,10.7,4.8,18.2,,1020.5,,80,,48,149.2,78
1908,0,3.2,-2.2,10.9,,1020.3,,78,,53,159.9,10.8
1908,1,3.2,-1.9,9.8,,1022.1,,79,,33,103.8,47.6
1908,2,2.4,-3.2,9.8,,1019.3,,75,,42,132.1,37.1
1908,3,6.2,0.6,12.9,,1019.1,,75,,46,169.7,118.2
1908,4,11.9,5.8,18.9,,1017.2,,76,,46,180.5,326.1
1908,5,16,9,23.6,,1012.7,,73,,57,247.3,98.3
1908,6,20.9,15.1,27.7,,1008.9,,76,,49,213.1,210.2
1908,7,23.8,19.2,30,,1008.7,,78,,49,218,120.6
1908,8,25.5,21,31.6,,1010.4,,80,,51,212.8,216.1
1908,9,20.3,15.5,26.6,,1013.5,,80,,45,166,139
1909,10,15.7,10,23.5,,1017.1,,81,,58,202.3,132.1
1909,11,7.9,2.5,15.6,,1018.1,,80,,53,164.3,35.6
1909,0,4.6,-1.2,11.9,,1020.9,,81,,51,156.1,86.6
1909,1,2.5,-2,8.3,,1020.3,,83,,38,118.9,163.1
1909,2,2,-3.3,8.4,,1018.1,,74,,48,145.4,45.8
1909,3,5.6,-0.1,12.1,,1019.9,,74,,47,174.8,142.1
1909,4,12.5,5.3,19.9,,1014.9,,73,,56,217.8,145.8
1909,5,16.5,9.4,24.2,,1012.8,,72,,59,256.2,135.7
1909,6,20.7,16.1,25.9,,1008.5,,81,,35,152.2,353
1909,7,25.2,20.3,31,,1012.5,,78,,51,225.7,74.4
1909,8,26.3,20.7,33.3,,1007.9,,73,,61,255.5,32.6
1909,9,22.6,18.5,28.3,,1012,,82,,36,132.7,296.3
1910,10,13.9,8.1,21.3,,1017.9,,80,,51,180,45
1910,11,9.2,2.9,17.3,,1019.5,,78,,60,184.4,47.5
1910,0,3.6,-2.3,10.9,,1021.5,,78,,50,153.1,15.7
1910,1,4.4,-0.6,10.3,,1018,,79,,35,110.4,103.3
1910,2,2,-3,8.9,,1017.2,,71,,49,147.9,46.8
1910,3,4.7,-1,11.3,,1017.6,,76,,40,146.6,117.7
1910,4,11.4,4.2,18.7,,1017.2,,71,,53,208.3,84.4
1910,5,16.9,10.4,23.7,,1013.1,,72,,45,193.6,104.9
1910,6,21.5,16.4,26.8,,1008.4,,79,,33,141.6,224.2
1910,7,25.3,20.3,31.2,,1008.1,,76,,50,218.7,205.8
1910,8,25,20.3,31.3,,1007.3,,79,,50,209.6,144
1910,9,21.7,17.6,27.2,,1012.8,,82,,35,128.8,315
1911,10,15.4,10.6,22.1,,1017.7,,82,,45,157.3,157.2
1911,11,9.3,2.8,17.6,,1019.6,,77,,58,178.1,51.1
1911,0,3,-2.3,10.5,,1020.5,,76,,48,145.7,42.6
1911,1,2.8,-2.3,9.2,,1020.7,,79,,41,127.1,86
1911,2,3.6,-1.8,10.5,,1023.5,,77,,44,135.1,62.8
1911,3,7.7,1.5,14.6,,1018,,73,,46,170.6,113.2
1911,4,11.8,5.4,18.7,,1014.8,,73,,51,199.5,198.5
1911,5,16.3,8.9,23.7,,1015.5,,71,,60,260.2,96.8
1911,6,21.2,16.3,26.6,,1009.2,,78,,34,147.4,258.5
1911,7,25.2,20.4,31.1,,1010.1,,77,,49,217.9,245.3
1911,8,25.9,20.8,32,,1010,,77,,57,237.1,343.1
1911,9,23.4,18.9,29.5,,1014.7,,81,,37,137.3,245.4
1912,10,14.9,9.2,22.4,,1015.9,,80,,46,161.1,173
1912,11,11.1,5.1,17.9,,1020.5,,79,,46,141.8,68.4
1912,0,4.2,-1.4,11.5,,1022.3,,79,,41,123.1,39.8
1912,1,2.3,-2.8,9.3,,1020.9,,78,,46,144.3,55.7
1912,2,5.9,0.5,12.2,,1018.4,,77,,40,125,167.9
1912,3,7,0.7,13.8,,1017.5,,74,,44,163.3,125.1
1912,4,12.5,5.3,19.9,,1014.8,,71,,53,206.5,162.8
1912,5,16.8,9.8,23.8,,1015.5,,71,,51,218.5,101.5
1912,6,20.8,14.5,27.5,,1009.2,,73,,48,208.2,118
1912,7,24.5,20.1,29.5,,1008.5,,79,,30,134.2,192.5
1912,8,26.3,21,33.4,,1012.9,,75,,60,247.6,86.3
1912,9,21.1,16.4,27,,1011.7,,80,,31,113.7,229.8
1913,10,15.4,9.2,22.7,,1018.3,,79,,44,152.5,52.8
1913,11,8.8,3.2,15.8,,1020.4,,78,,41,127.7,35.8
1913,0,4.4,-1,10.9,,1023.5,,82,,37,111.2,120
1913,1,1.8,-3.4,8.3,,1021.7,,79,,41,129,61.7
1913,2,3.3,-2.2,10.2,,1018.8,,73,,42,126.9,57.3
1913,3,4.6,-1.9,12.1,,1017.7,,74,,41,152.7,52
1913,4,13.8,6.6,20.8,,1016.3,,73,,43,166.5,143.5
1913,5,15.9,8.7,23.1,,1011.3,,72,,54,234,238.6
1913,6,20.7,15.8,26.1,,1007.6,,77,,35,153.2,149
1913,7,24.3,18.2,31.1,,1008.4,,71,,57,249.5,24.7
1913,8,25.2,19.3,32.2,,1006.5,,72,,51,210.5,158.6
1913,9,19.8,14.1,27,,1013.5,,76,,50,186.1,75.6
1914,10,15.5,10,22.5,,1015.6,,79,,42,146.6,175.6
1914,11,9.2,2.7,16.6,,1022.7,,80,,43,133.3,102
1914,0,4.8,0.2,10.5,,1020.1,,77,,43,130.3,104.5
1914,1,3.5,-1.4,9.7,,1020.1,,74,,47,147.2,38.3
1914,2,4.1,-0.3,9.6,,1020.3,,74,,29,87.1,67
1914,3,9,3.4,14.6,,1018,,73,,40,149.5,169
1914,4,11.1,5,17.1,,1014.4,,73,,48,187.3,81.2
1914,5,17.7,11.3,23.9,,1014,,74,,38,163,211.5
1914,6,21.5,16.4,26.6,,1009.3,,77,,38,163.5,280.5
1914,7,27.1,22.1,32.7,,1008.7,,77,,55,241.7,170
1914,8,27.2,22.1,32.9,,1008.7,,75,,54,226.3,125.4
1914,9,23.5,18.5,29.4,,1014.4,,76,,53,196.9,89.3
1915,10,15.6,10,22.3,,1018.7,,78,,50,176,88
1915,11,11.8,6.1,18.2,,1020.4,,78,,50,153.7,27.2
1915,0,5.1,0,11.7,,1019.1,,78,,50,152,43.8
1915,1,3.2,-1.8,9.3,,1021.2,,75,,48,150.7,119
1915,2,4.2,-0.5,9.3,,1016.9,,75,,36,110.4,131.7
1915,3,5.6,0,12.1,,1017.2,,70,,56,208.3,76.2
1915,4,12.5,6.6,18.2,,1016.4,,72,,45,176.6,227.7
1915,5,16.5,9.9,23.2,,1011.9,,72,,54,234.9,207.5
1915,6,22.7,17.8,27.7,,1010.9,,79,,40,172,241.4
1915,7,25.6,20.2,31.7,,1009.9,,74,,64,282.6,188.6
1915,8,26.3,21.5,31.9,,1004.9,,77,,56,234.7,189.4
1915,9,23.6,19.2,29,,1011.7,,78,,46,172,120.3
1916,10,18.2,13.3,23.9,,1016.3,,78,,50,173.2,157.2
1916,11,11.6,6.3,18.4,,1023.1,,78,,54,167.3,82.8
1916,0,5.3,-0.1,12.1,,1020,,78,,56,170.9,23.3
1916,1,4.8,-0.3,11.3,,1021.6,,77,,53,165.2,52
1916,2,4.5,-0.2,10.1,,1016,,75,,49,155.8,123.2
1916,3,4.9,-1.1,11.4,,1016.9,,69,,55,204.8,35.9
1916,4,12.5,6.4,18.3,,1017.5,,71,,49,191.1,131.1
1916,5,17.6,11,24,,1012.8,,71,,54,234.3,99.9
1916,6,23.5,18.8,28.7,,1009.3,,77,,41,177.9,348.3
1916,7,25.4,21.1,30.6,,1008.8,,77,,44,191.9,100.4
1916,8,26.7,22,32.2,,1006.8,,74,,62,257.7,59
1916,9,23.9,19.3,29.5,,1014,,79,,53,195.5,271.4
1917,10,16.7,12,22.1,,1018.7,,80,,40,141.4,234
1917,11,12.5,7.7,17.7,,1022,,77,,42,129.5,176.5
1917,0,6.2,1,12.1,,1019.7,,78,,48,145.9,79
1917,1,1.4,-3.2,7.2,,1018.3,,70,,58,179.5,18.6
1917,2,2.7,-2.7,9.4,,1015.6,,71,,57,173.7,37
1917,3,6.1,0.5,11.9,,1018.8,,71,,53,195,181.8
1917,4,12.1,5.7,18.8,,1013.5,,67,,58,226,82.4
1917,5,15.2,8.1,22.6,,1011.1,,69,,63,272.2,56
1917,6,20.8,15.7,26.6,,1009.3,,77,,42,180.4,272.3
1917,7,26.9,21.5,33,,1010.8,,72,,66,289,69.4
1917,8,25.4,20.7,30.9,,1009.3,,76,,56,231.3,116.5
1917,9,23.2,19.2,28.5,,1013.9,,81,,42,156.2,320.4
1918,10,17,12.8,22,,1015.9,,80,,34,118.8,226.9
1918,11,7.4,2.1,14,,1019.6,,80,,50,154.8,31
1918,0,2.9,-2,9.2,,1016.1,,73,,58,176.1,16.8
1918,1,1,-3.2,6.9,,1018.3,,75,,54,167.7,15.6
1918,2,3.1,-2,9.5,,1022.3,,76,,48,146.2,48.8
1918,3,6.5,1,13.2,,1019.2,,70,,49,182.2,115.9
1918,4,12.2,5.6,18.4,,1016.8,,74,,47,184.4,166.8
1918,5,15.9,9.6,22.4,,1012.7,,74,,46,199.3,163.6
1918,6,20.6,16.4,25.7,,1009.6,,82,,23,99.1,151.5
1918,7,26.5,22.3,31.8,,1007.9,,78,,51,224.1,199.5
1918,8,25.6,21.5,31.4,,1011.1,,80,,43,177.9,237.8
1918,9,21.7,16.9,27.6,,1011.1,,83,,47,173.2,284.1
1919,10,16.3,11.1,22.2,,1018.5,,83,,37,128.9,154.7
1919,11,9.6,4.5,15.6,,1021.5,,80,,35,107.3,76.3
1919,0,4.4,0.3,10,,1021.3,,82,,34,102.1,72
1919,1,2.9,-0.7,7.9,,1019.7,,76,,33,102.9,83.7
1919,2,4,-0.9,9.4,,1019.7,,76,,40,122.8,57
1919,3,7.5,1.5,14.5,,1017.3,,73,,50,185.6,139.7
1919,4,12.7,5.6,20.6,,1014.8,,70,,59,228.4,108.8
1919,5,17,10.5,24.5,,1013.5,,71,,56,240.2,44.9
1919,6,21.2,16.7,27.1,,1007.1,,79,,32,140.4,194.8
1919,7,24.8,20.7,30.4,,1010.9,,81,,43,191.4,170.4
1919,8,25.6,21,31.9,,1010.1,,82,,56,234.8,127.3
1919,9,21.7,17.3,28,,1011.7,,81,,41,153.5,221.1
1920,10,16.1,10.7,23.7,,1015.7,,84,,51,178.3,98.2
1920,11,11.3,6.2,17.7,,1018.9,,86,,39,121.4,91
1920,0,4.8,0.7,11.6,,1019.3,,84,,48,146.7,69.2
1920,1,3.3,-0.7,9.6,,1018,,77,,44,138.4,92
1920,2,3.1,-0.3,8.1,,1021.9,,79,,28,87.6,91.4
1920,3,7.2,2.5,13.5,,1021.3,,75,,38,139.5,98.2
1920,4,12.2,6.1,20.1,,1017.3,,77,,53,207.7,85.6
1920,5,16.4,10.8,23.2,,1007.6,,75,,49,209.6,92.1
1920,6,21.7,17,27.7,,1008.1,,80,,35,150.6,295
1920,7,26.6,22.3,32.7,,1011.1,,82,,54,239.8,84.5
1920,8,25.9,21.9,31.5,,1006.5,,80,,51,210.6,165
1920,9,22.3,17.9,28.2,,1013.5,,79,,51,188.8,86.4
1921,10,15.9,10.5,22.9,,1016.7,,83,,44,152.4,60.3
1921,11,11.2,6.2,17.7,,1020,,84,,29,88.9,59.4
1921,0,5.6,1.6,11.4,,1021.3,,83,,40,121,110.6
1921,1,3.6,-0.5,9.3,,1020.8,,82,,40,123.4,121.1
1921,2,3.2,-1.4,9.9,,1017.6,,77,,44,133.6,49.4
1921,3,5.3,0.3,12,,1016.7,,72,,39,143.9,170.6
1921,4,13.2,7.7,19,,1017.5,,76,,41,158.3,247.4
1921,5,16.8,11.2,23.5,,1010.9,,76,,44,189.4,175.8
1921,6,19.5,15.9,24,,1008.5,,84,,18,79.7,371.5
1921,7,25.1,21.2,30.9,,1011.1,,85,,44,195.3,393.9
1921,8,26.6,22.2,32.6,,1008.8,,80,,48,201.3,136.2
1921,9,21.7,18.2,26.8,,1012.7,,89,,28,104.2,351.7
1922,10,15.6,10.9,22.4,,1016.4,,85,,41,143.4,62.9
1922,11,7.7,2.7,14.7,,1019.9,,78,,44,135.4,33.2
1922,0,4.9,0.2,11.8,,1021.3,,78,,47,142.8,36.9
1922,1,1.3,-2,6.3,,1020.9,,78,,31,96.4,64.9
1922,2,6.5,2,11.6,,1019.1,,77,,32,97.8,173.3
1922,3,5.8,0.6,12.3,,1018.3,,71,,47,172.1,125.3
1922,4,12.8,6.7,19.7,,1016.1,,74,,48,186.4,123.7
1922,5,17.6,11.7,24.2,,1013.1,,70,,52,225,62.5
1922,6,22.1,15.9,29,,1007.7,,73,,58,249.7,122.3
1922,7,25.8,21.7,31.2,,1010.8,,80,,44,191.7,204.3
1922,8,27.6,23,34.1,,1009.6,,79,,68,284.3,63.4
1922,9,23.9,19.4,30.1,,1014.8,,78,,52,194.4,55
1923,10,16.1,10.3,23.2,,1016.8,,81,,55,192.4,128.6
1923,11,10.4,5.5,17.3,,1018.9,,82,,46,143.5,119.2
1923,0,3.7,-0.4,10.2,,1017.9,,82,,46,138.7,31.3
1923,1,1.5,-2.6,7.3,,1021.9,,80,,38,118,31.5
1923,2,3.7,-0.2,9.4,,1021.5,,75,,40,120.3,56.8
1923,3,8.1,2.4,15.1,,1022,,72,,54,199.8,134.5
1923,4,12.2,6.4,18.5,,1015.6,,75,,36,142.4,178.8
1923,5,17.9,12.8,23.3,,1011.7,,77,,39,168.6,254
1923,6,20.7,16.1,26.3,,1008.4,,79,,34,147.5,522.2
1923,7,24.8,21.3,29.7,,1008.9,,83,,37,164.6,280.4
1923,8,27.7,23,34.4,,1010.4,,76,,71,295.5,39
1923,9,23,18.8,28.5,,1009.1,,79,,41,154,286.2
1924,10,16.3,11.6,22.7,,1015.7,,82,,50,174.1,181.1
1924,11,10.7,5.7,16.7,,1018.3,,79,,47,146.1,125.1
1924,0,5.9,1.4,11.9,,1021.6,,80,,43,129.1,45
1924,1,2.7,-1.8,9.3,,1020.5,,79,,48,149.8,11.4
1924,2,3.7,-0.5,9.4,,1016.5,,73,,44,139.9,48.2
1924,3,4,-0.9,10.5,,1019.9,,71,,48,177,30.5
1924,4,13.8,7.9,20.3,,1015.9,,75,,54,211.4,140.5
1924,5,16.2,10.8,22.3,,1010.5,,76,,49,213,177.9
1924,6,20.7,15.7,26.5,,1008.3,,76,,52,223.1,84.3
1924,7,27.4,22.6,33.7,,1013.7,,75,,66,290.7,32.7
1924,8,27,22.4,33.2,,1008,,73,,64,264.8,71.2
1924,9,21.6,17.1,27.7,,1012.9,,80,,55,203.4,155
1925,10,15.7,11.1,21.7,,1018.1,,81,,46,162.2,168.3
1925,11,8.2,2.7,15.7,,1017.6,,80,,54,168.3,44.2
1925,0,4.3,-0.3,10.9,,1020.4,,80,,51,155.2,19.3
1925,1,2.4,-2,8.6,,1019.1,,77,,51,158.4,23.8
1925,2,2.2,-2,8,,1020.5,,74,,50,151.6,55.1
1925,3,5.3,0,12.4,,1017.2,,71,,60,220.7,24.1
1925,4,10.7,4.9,17.2,,1018.3,,73,,43,166.6,145.5
1925,5,16.9,10.5,23.5,,1012.3,,74,,52,225.9,192.7
1925,6,21.1,16.2,27.1,,1008.1,,79,,44,191.3,234.7
1925,7,24.6,20.1,30,,1010.8,,80,,51,223.6,282.1
1925,8,25.9,21.5,31.6,,1009.7,,77,,57,239.1,211.3
1925,9,23,18.9,28.7,,1012,,78,,50,187,285.7
1926,10,15.7,10.9,22.3,,1016.1,,79,,55,193.6,71.6
1926,11,10.8,5.8,17.7,,1019.1,,80,,50,153.6,73
1926,0,5.6,0.7,12,,1018.3,,75,,58,175.5,67.3
1926,1,2.2,-1.8,8.2,,1020.8,,76,,52,163.3,41.2
1926,2,3.8,-0.5,10.1,,1021.5,,75,,46,138.6,77
1926,3,5.4,0.3,12.1,,1017.9,,73,,54,200.5,79.5
1926,4,10.5,3.5,18.1,,1013.1,,69,,57,222,119.7
1926,5,16.6,11.1,22.7,,1014,,76,,38,166.1,250.8
1926,6,19.9,14.2,26.4,,1010.7,,74,,51,218.7,88.1
1926,7,24.5,19.9,30.3,,1010,,84,,49,213.8,170.5
1926,8,27,22.3,33.1,,1010.3,,80,,61,253.4,73.1
1926,9,23.3,18.9,29.4,,1012.4,,80,,49,183.8,114.2
1927,10,14.5,9.4,21.2,,1016.3,,77,,52,182.8,98.2
1927,11,8.8,3.7,15.9,,1020.9,,80,,53,164.2,64.7
1927,0,3.7,-0.5,9.4,,1019.2,,80,,38,114.9,95.6
1927,1,2.7,-1.5,9.1,,1019.2,,78,,47,146.1,32
1927,2,2,-2.2,7.9,,1019.6,,72,,39,117.4,41.9
1927,3,6.1,1,12.5,,1019.3,,73,,46,170.4,157.1
1927,4,12.4,6.1,19.7,,1017.3,,70,,57,221.5,87
1927,5,16.1,9.7,22.9,,1012.7,,75,,57,245.7,144.6
1927,6,21.2,15.1,28.1,,1009.6,,74,,53,227.6,121.5
1927,7,26.6,22.2,32.2,,1010.4,,82,,50,219.9,79.4
1927,8,26,21.8,31.4,,1008.5,,85,,43,180,201.7
1927,9,21.3,17.3,26.6,,1010.8,,86,,41,152.2,237.2
1928,10,16.1,10.8,22.6,,1017.5,,84,,52,181.6,44.6
1928,11,10.9,5.9,17.4,,1018.1,,81,,53,162.5,82.3
1928,0,5.8,1.2,11.9,,1018.5,,82,,47,141.3,37.4
1928,1,3.6,-0.5,8.4,,1021.5,,78,,36,111.7,110.8
1928,2,2.9,-1.4,8.5,,1020.8,,77,,52,165.4,81.8
1928,3,6.4,1.1,12.8,,1017.3,,73,,51,186.5,72.8
1928,4,12.5,6.1,19.5,,1016.1,,72,,59,229.2,98.1
1928,5,18.5,12.2,25.1,,1012.5,,72,,53,230.4,127.5
1928,6,20.9,16.3,26.3,,1008.5,,77,,34,146.9,405.5
1928,7,25.6,21.4,30.3,,1009.5,,77,,41,180.3,154.4
1928,8,25.3,21.2,30.4,,1006.1,,77,,46,190.7,218.3
1928,9,24,19.6,29.9,,1013.2,,79,,47,173.3,118.4
1929,10,16.4,11.6,22.2,,1017.6,,80,,41,144.4,115.5
1929,11,11.1,6.1,17.2,,1021.2,,83,,40,124.8,73.3
1929,0,4.8,0.7,10.3,,1020.9,,81,,48,144.3,52.1
1929,1,1.7,-2.4,7.4,,1021.1,,77,,42,130.6,13.1
1929,2,2.2,-2.7,8.7,,1019.1,,71,,50,153.3,18.2
1929,3,5.9,0.7,12.4,,1018.3,,75,,47,174.9,42.1
1929,4,12.1,5.8,19.1,,1014.9,,72,,59,230.9,92.1
1929,5,16.4,11.1,22.1,,1012.7,,75,,44,189.5,130.7
1929,6,22,16.5,28.1,,1009.1,,70,,57,245.3,71.6
1929,7,26.5,22.2,32.2,,1010.7,,79,,53,232.9,209.9
1929,8,27.1,22.3,33,,1009.3,,76,,64,264.4,130.3
1929,9,21.4,17.4,26.4,,1012.1,,81,,38,141.6,258.8
1930,10,16.5,12.1,21.9,,1016.8,,78,,37,130.5,144.4
1930,11,10.3,5.8,15.9,,1020.9,,83,,39,121.4,127.8
1930,0,8.4,4.4,13.4,,1021.1,,82,,36,109.8,112.5
1930,1,2.7,-0.9,7.8,,1022.1,,79,,37,113.8,37.7
1930,2,4.8,0.9,9.8,,1019.7,,78,,33,100.1,100.2
1930,3,8.3,3.7,14.2,,1020,,74,,42,153.9,98.4
1930,4,13.9,8.2,20,,1015.6,,73,,44,172.1,107.5
1930,5,17.7,11.7,24,,1014,,71,,54,235.2,99.1
1930,6,21.9,16.6,27.5,,1009.3,,75,,43,187.4,252.3
1930,7,27.1,22.8,32.6,,1008.3,,80,,52,228.2,230.9
1930,8,27.5,22.7,33.6,,1009.1,,76,,59,243.8,51.3
1930,9,21.5,16.2,27.9,,1014.4,,79,,55,205.5,83.1
1931,10,16.1,10.6,23,,1016.1,,78,,56,195.6,132
1931,11,8.9,3.9,15.3,,1020.3,,80,,45,138.3,122
1931,0,5.3,1.1,11.4,,1021.6,,82,,41,123.5,35.9
1931,1,3.4,-0.5,8.2,,1019.4,,79,,32,99.2,73.5
1931,2,3.4,-0.6,8.4,,1019.3,,76,,36,108.9,92.1
1931,3,6.8,0.5,14.3,,1018.2,,69,,61,226.6,81.7
1931,4,11.6,6.2,17.7,,1014.6,,71,,47,182.8,175
1931,5,16.4,9.8,23.2,,1013.3,,68,,63,271.9,142.1
1931,6,21.6,16.3,27.4,,1008.1,,73,,51,220.4,206
1931,7,23.3,19.8,27.8,,1007.7,,84,,24,106.9,243.8
1931,8,27.2,22.6,32.6,,1011.6,,75,,57,236.7,58.2
1931,9,23.2,18.6,29,,1012.9,,76,,47,174.7,112.2
1932,10,15.5,10.7,21.5,,1018.6,,78,5.7,44,153.4,175.7
1932,11,11.5,6.2,17.7,,1020.6,,80,5.4,44,136.6,92
1932,0,5.7,0.8,11.7,,1021.2,,79,5.3,46,139.4,90.5
1932,1,4.6,-0.3,11.2,,1023.7,,78,4.8,46,144.3,19.4
1932,2,3,-0.9,8.2,,1018.9,,75,6.2,41,130.6,29.1
1932,3,5.8,0.1,12.4,,1016.8,,72,5.7,50,185,74.3
1932,4,11,4.8,17.6,,1014.1,,74,5.9,50,194.4,164.6
1932,5,17.8,11.5,24.5,,1013.6,,71,5.7,57,244.5,108.8
1932,6,21.3,16.8,26.5,,1009.6,,75,7.8,42,183,181.5
1932,7,26.5,21.6,32.2,,1009.2,,78,5.6,58,255.5,343
1932,8,26.7,22.6,32,,1009.6,,76,6.8,54,225.9,171.8
1932,9,22,18.1,26.9,,1011.8,,82,8,34,126.4,216.2
1933,10,14.9,9.4,22,,1017.2,,79,5.6,49,171.9,30.2
1933,11,10.1,5,16.5,,1018.9,,81,5.9,44,135.2,133.6
1933,0,5.7,1.8,11,,1021.8,,82,6.1,31,94,68
1933,1,2.7,-1.2,8.3,,1021.7,,78,5.3,48,149.2,51.1
1933,2,2.7,-2,8.7,,1018.8,,73,5.5,50,151.4,27.8
1933,3,5.2,0.9,10.4,,1017.6,,76,7.3,38,142.1,158.3
1933,4,12.7,6.8,19,,1016.8,,75,7,43,168.7,153.4
1933,5,18.7,12.5,25.2,,1013.7,,72,6.3,48,206.4,173.2
1933,6,22.9,17.3,29.1,,1009.6,,72,7.2,50,216.5,91.5
1933,7,27.3,22.7,33.1,,1011.4,,76,6.9,50,219.8,144.7
1933,8,26.8,22.5,32.6,,1009.2,,79,6.8,54,224.4,136.4
1933,9,22.4,16.9,28.8,,1012.4,,74,5.1,64,236.4,64.3
1934,10,15.8,11.1,21.8,,1017.2,,81,6.7,50,175.5,156.3
1934,11,10.6,5.2,17.1,,1020.2,,80,5.3,54,166.9,120.1
1934,0,5.5,1.3,10.8,,1016.4,,80,5.6,47,143.8,55.7
1934,1,1.1,-2.8,6.3,,1019.2,,77,5.2,51,158.7,26.7
1934,2,2.5,-1.8,8.2,,1016.6,,76,6,45,138,37.8
1934,3,5.5,0,12,,1015,,73,6,45,166,74
1934,4,11.4,5.7,17.7,,1017,,72,7.7,42,165.3,138.3
1934,5,17.8,10.9,25.4,,1014.2,,68,5,64,277,50.9
1934,6,21.9,16.7,27.6,,1010,,73,7.8,44,190.3,222.2
1934,7,26.6,22.1,32,,1008.9,,78,7.6,45,197.7,181.5
1934,8,26.8,21.7,33,,1011.4,,74,6,63,263.3,55.1
1934,9,22.4,18.1,27.7,,1012,,80,8.1,38,140.1,203.8
1935,10,15,10,21.2,,1020,,78,5.9,49,169.7,107.1
1935,11,9.2,4.1,15.5,,1019.4,,78,5,51,157.1,118.7
1935,0,5.8,1.3,11.9,,1023.3,,80,5.4,39,119.2,50.2
1935,1,3.2,-1,8.9,,1018.6,,77,5,49,154,35.1
1935,2,4.4,-0.3,10.1,,1020.2,,74,6.6,44,133.5,93.6
1935,3,6.8,1.7,12.8,,1016.9,,69,5.8,53,195.5,49.7
1935,4,12.2,5.8,18.8,,1016.4,,70,6,51,199.1,90.4
1935,5,17.4,11.6,23.8,,1012.2,,70,5.7,55,235.5,92.5
1935,6,21.4,15.8,27.4,,1009.6,,71,7.1,47,204.1,549.6
1935,7,25.8,21.3,31.3,,1009.7,,76,7.2,50,220.5,80.2
1935,8,25.8,21.6,31.1,,1007.8,,77,6.2,48,201.4,376.5
1935,9,21.7,17.9,26.3,,1011,,80,8.1,35,129.6,324.6
1936,10,16.5,11.2,23.4,,1016.1,,77,5.2,61,212.3,60.8
1936,11,10.7,6.1,16.7,,1022.5,,80,6.2,47,144.9,96.9
1936,0,5.1,0.9,10.6,,1021,,79,5.5,48,145.1,85.5
1936,1,0.9,-2.9,5.8,,1018.6,,69,5.3,50,155.7,23
1936,2,1.4,-2.4,6.3,,1016.8,,78,7.2,36,114.2,72
1936,3,4.5,-0.7,10.5,,1021.6,,71,5.9,54,199.9,48.8
1936,4,11.6,6,17.9,,1014.1,,72,7.1,39,152.1,315.7
1936,5,16.7,11,22.6,,1014.5,,74,7.7,48,207.8,165.6
1936,6,22.4,17.5,28.3,,1011,,73,7.6,46,200.9,102.8
1936,7,25.1,20.6,30.2,,1010,,79,6.9,47,208.4,203
1936,8,26.4,22.2,31.9,,1010.4,,79,7.8,49,205.4,94.4
1936,9,23.9,18.9,30.5,,1013.4,,78,5.8,60,221.9,172
1937,10,16.1,11.2,22.1,,1016.4,,79,6.2,49,169.9,175.8
1937,11,10.2,4.9,16.7,,1021.7,,78,5.3,51,158.7,44.5
1937,0,6.9,2.5,12.8,,1021,,81,5.8,46,140.5,53.6
1937,1,4,0.5,8.9,,1021.4,,82,6.9,36,112.4,63.3
1937,2,6.1,2.1,11,,1019.2,,78,7.4,40,120.6,71.6
1937,3,7.3,2.3,13.2,,1016.1,,73,6.6,46,170.5,134.4
1937,4,12.5,6.6,19.1,,1019,,72,7.2,45,174.5,86.8
1937,5,17.3,11.6,23.8,,1011.8,,68,6.7,42,182.1,99.7
1937,6,20.5,15.2,26.2,,1012,,72,7.2,43,186.6,301.1
1937,7,26.5,22.2,32.1,,1009.3,,78,7.7,43,190.1,139.8
1937,8,27.7,22.8,34.1,,1014.6,,79,4.7,63,261.5,50.7
1937,9,22.3,17.9,27.9,,1014,,81,7.1,41,152.6,141.4
1938,10,16.5,11.6,22.5,,1018.2,,82,6.2,47,163.9,111.5
1938,11,11.2,6.9,16.9,,1019.4,,84,6.5,40,122.4,167.8
1938,0,4.5,-0.2,10.3,,1018.1,,74,5.2,54,164.1,36.3
1938,1,2.2,-2,8,,1023,,75,6.3,47,144.9,65
1938,2,2.4,-2,8.4,,1017.2,,72,5.6,49,147.8,31.8
1938,3,9,3.4,15.7,,1018,,74,6.5,48,175.4,101
1938,4,12.5,5.9,19.4,,1013.8,,71,6.2,55,216.1,98.5
1938,5,18.5,13.4,24.2,,1013.8,,74,7.6,37,160.6,154.7
1938,6,21.8,17,27.1,,1008.1,,77,8,34,146.1,242.9
1938,7,25.9,21.7,31.3,,1010.4,,77,7.7,41,181.5,361.1
1938,8,26.4,22.6,31.2,,1010.4,,77,7.2,38,156.8,249.2
1938,9,22.4,17.5,28.7,,1011.8,,75,6.3,53,195.4,123.1
1939,10,17.6,13.1,23.1,,1016.8,,79,7,36,127.5,202.3
1939,11,9.1,3.8,16.3,,1020,,79,4.3,57,177.3,36.9
1939,0,5.1,0.6,11.2,,1021,,76,5.3,47,143.7,20.2
1939,1,2,-1.8,6.9,,1022.1,,79,6.9,37,113.9,55.9
1939,2,3.4,-0.7,8.9,,1021.3,,72,6.6,42,128,36.7
1939,3,6.8,2,12.5,,1016.8,,73,6.6,44,162.3,137.2
1939,4,12.7,7.3,19,,1017.3,,70,7.4,39,152.5,117
1939,5,17.5,11.5,24.1,,1012.8,,67,6.4,57,248.1,40.4
1939,6,21.8,16.6,28.1,,1008.6,,72,8.1,45,194.3,126.1
1939,7,27.4,22.5,33.4,,1011,,74,7.4,56,248.3,28.8
1939,8,26.8,22.1,33.2,,1009.6,,71,6.4,66,273.2,111
1939,9,23.5,18.3,30.1,,1012.1,,76,5.6,61,225.1,155.8
1940,10,17.5,12.5,23.3,,1017.8,,81,7.4,45,155.8,115.5
1940,11,12,6.9,18.3,,1020.2,,75,5.7,60,187.1,74.5
1940,0,4.8,-0.6,11.7,,1024.8,,78,4.8,55,166.9,3.3
1940,1,2.3,-2.3,8.1,,1015.8,,71,5.9,54,168.2,6.8
1940,2,2.6,-1.3,7.3,,1021.6,,75,7.4,43,135.4,104.1
1940,3,6.3,1.1,12.7,,1016.9,,72,6.5,53,194.4,73.2
1940,4,12.2,6.1,19.1,,1015.3,,73,6.5,57,224,128.3
1940,5,17.4,10.7,25.5,,1013.4,,68,6.5,63,272.3,35.4
1940,6,21.5,16,28.5,,1011,,76,6.8,52,226,268.8
1940,7,27,22.6,33,,1012.5,,77,7.2,49,215.8,140.6
1940,8,25.3,21.2,31.2,,1012.4,,77,6.9,47,194.4,146.2
1940,9,23.1,18.3,29.3,,1012,,72,6.5,59,219.9,26.3
1941,10,17.5,12.1,24.2,1.3,1018.4,,76,5.7,52,183.2,104
1941,11,12.3,6.7,19.2,1.2,1021.3,,76,6,55,170.5,33.7
1941,0,6.6,2,12.4,1.4,1019.3,,78,6.3,43,132,45.6
1941,1,4.6,-0.1,10.3,1.8,1017.8,,73,5.6,51,158.3,57.1
1941,2,4.1,-0.6,9.6,1.7,1021.8,,73,6.9,50,151.5,73.8
1941,3,7.7,2.2,14.3,1.8,1017.8,,69,5.9,52,191.2,99.4
1941,4,11.8,5.4,19,1.8,1015.3,,69,5.7,58,227,72.5
1941,5,17.8,11.6,24.8,1.6,1013.7,,71,7.1,52,224.2,292.8
1941,6,21.9,17.9,26.9,1.9,1010.2,,78,8.1,28,121.6,401.7
1941,7,25.1,21.4,29.9,1.8,1007.4,,78,8.8,29,128.6,178.9
1941,8,26.2,22.1,31.9,1.9,1009,,76,7.2,43,180.1,166
1941,9,21.3,17.4,26.2,1.5,1012.8,,79,8.1,31,115.6,332.6
1942,10,16.1,10.2,23.3,1.6,1019.6,,74,4.9,59,207.7,90.7
1942,11,12.1,6.7,18.5,1.2,1020.1,,78,5.8,49,151.8,82.7
1942,0,6.6,1.9,12.2,1.2,1020.5,,80,6,41,123,72.1
1942,1,3,-1.6,8.7,1.9,1017.8,,69,5.7,52,161.9,10.6
1942,2,3.1,-0.9,8.1,1.7,1019.7,,72,7.5,42,126.7,57.1
1942,3,9.9,4.1,15.9,1.8,1020.1,,71,6.7,50,183.9,145.3
1942,4,12.1,5,19.9,1.9,1018.1,,65,5,64,249.6,131.3
1942,5,16.7,10.5,23.3,1.9,1012.2,,67,6.7,51,222.5,86.2
1942,6,21.8,16.8,27.1,1.6,1009.2,,75,8.3,34,149.2,333.8
1942,7,28.4,23,35,1.7,1009.3,,69,5.3,64,282,13.6
1942,8,27.5,22.5,34.2,1.8,1008.1,,71,6.4,59,244.9,170
1942,9,23.7,19.3,29.7,1.3,1012.2,,77,6.7,50,184.1,260.8
1943,10,15.5,10,22,1.5,1017.4,,74,5.4,56,194.3,77.7
1943,11,9,3.5,15.8,1.3,1019.3,,74,5.2,57,175.4,32.6
1943,0,4.4,-0.1,10.1,1.4,1018.5,,77,6.1,45,137.2,9.3
1943,1,1.8,-3.3,7.6,2,1019.8,,70,5.4,57,176.8,34.8
1943,2,2.7,-1.9,8.6,1.8,1020.4,,72,6.2,47,143.3,48.8
1943,3,6.1,1.1,12.1,1.8,1016.2,,66,6.3,47,172.3,62.5
1943,4,10.9,4.3,18,2,1017.7,,66,5.6,54,212.7,125.7
1943,5,17.5,11.5,24.2,1.9,1013.2,,69,6.4,49,213.8,104.5
1943,6,22.2,17.5,27.8,1.7,1009.7,,75,7.6,43,186.9,154
1943,7,25.7,22.2,30.8,2,1010.5,,78,7.2,45,197.4,345.2
1943,8,26.8,22.6,33.2,1.6,1011.2,,76,5.2,58,241.4,121.2
1943,9,24.3,20.2,30.5,1.7,1012.6,,76,7.2,48,180.1,71.6
1944,10,16.5,11.8,22.9,1.4,1016.6,,78,5.8,49,172.2,123.2
1944,11,10.1,4.5,16.9,1.3,1020.6,,76,5,50,155.5,35.9
1944,0,5.3,0.5,11.6,1.3,1023,,80,4.8,41,123.9,47.4
1944,1,2.9,-1.3,8.2,1.5,1022.2,,76,6.4,42,132.2,30.6
1944,2,2.5,-2.1,8,1.9,1018.5,,75,6.2,42,132.2,47
1944,3,5.7,0.6,11.9,1.8,1015.2,,74,6.1,43,157.8,79.7
1944,4,11,5.5,17.4,1.8,1014.2,,72,6.3,43,168.8,127.8
1944,5,18.8,13.6,25.3,1.8,1012.6,,72,6.8,45,193.4,108.7
1944,6,22.4,16.8,29.2,1.5,1009.2,,72,6.4,45,194.1,78.8
1944,7,26.5,22,32.3,1.8,1010.5,,74,6.6,44,191.7,69.2
1944,8,27,22.5,33.2,1.9,1011.2,,75,5.9,54,225.4,160.1
1944,9,22.7,18,29.2,1.4,1012.4,,75,5.9,50,184.8,132.2
1945,10,16.3,11.8,22.2,1.5,1017.3,,77,6.9,37,131.1,166.9
1945,11,10.9,6.5,16.4,1.3,1018.1,,79,6.8,35,108.5,125.8
1945,0,4.1,-0.1,9.1,1.8,1018.6,,73,6.2,41,123,30.2
1945,1,0.9,-3.4,6.5,1.9,1018,,71,5.5,47,145.3,3.6
1945,2,1.2,-3.1,7,1.8,1018.9,,71,5.9,45,135.5,46.5
1945,3,6.6,1.4,12.1,2,1021,,72,6.3,46,171.4,126
1945,4,12.9,6.5,20.6,1.9,1015.6,,67,4.7,58,226.9,67.6
1945,5,15.5,10.6,21.8,1.8,1010.1,,73,7,40,172.1,126.5
1945,6,21.7,17.4,27.1,1.6,1008.9,,76,7.6,34,145.5,252
1945,7,23.5,19.5,28.9,1.7,1008.5,,77,7.8,40,174.4,213.4
1945,8,27.5,23.1,34.1,1.7,1012.5,,74,5.4,55,227.8,98.6
1945,9,22.8,18.9,28.5,1.3,1013.3,,81,7.7,31,115.8,296.9
1946,10,17,12.9,22.5,1.4,1017.6,,80,6.9,32,113.2,335.8
1946,11,10.2,4.7,17.2,1.3,1019,,78,5.1,54,167.3,82.1
1946,0,4.2,0,9.7,1.4,1017.6,,78,5.9,45,135.4,53.7
1946,1,3.4,-1.1,9.2,1.3,1020.8,,76,5.9,42,129.5,43.3
1946,2,3.4,-1.5,9.5,1.5,1019.8,,75,6.4,44,134.9,54.3
1946,3,6.1,1.4,11.5,1.8,1020.5,,73,7.2,37,135.5,129
1946,4,13.3,7.1,20.2,1.7,1016.2,,73,6.2,51,199.3,205.2
1946,5,16.7,11.6,22.9,1.7,1013.2,,71,6.9,40,171.3,238.4
1946,6,22.5,18.1,28.4,1.6,1011.2,,78,8.7,30,130.8,205.9
1946,7,27.1,22.2,33.4,1.8,1007.7,,73,5.4,55,241.8,176.3
1946,8,26.9,22.4,33.2,1.5,1009.2,,73,6.8,51,211.7,114.9
1946,9,22.4,17.6,29,1.3,1012.2,,75,7,47,174,178.6
1947,10,17.2,11.9,23.9,1.4,1018.5,,76,6.3,50,174.3,185.5
1947,11,12.9,8.1,19.4,1.1,1018.8,,76,6.3,46,141,94.5
1947,0,4.8,0.5,9.8,1.7,1017.3,,71,6.4,45,135.6,74.4
1947,1,3.8,0.1,8.5,1.3,1020.1,,76,7.3,33,103.5,73
1947,2,1.4,-3.3,7.8,1.8,1016.6,,73,5.2,53,160.6,31.7
1947,3,5.4,0.2,11.7,1.7,1018.4,,71,6.5,43,157,65
1947,4,12,5,20.2,2,1014.1,,64,5,62,243,74.3
1947,5,16.4,11.1,22.8,1.8,1012.6,,71,7.2,45,196.5,205.9
1947,6,20.4,16,25.9,1.6,1009.4,,74,8.9,32,137,144.9
1947,7,26.4,22.3,32.5,1.5,1010.8,,77,7.6,50,218.1,179.3
1947,8,27.6,22.6,35,1.4,1012.9,,74,5.4,67,277.7,54.4
1947,9,23.1,18.7,29.5,1.4,1010.8,,76,7,42,157.7,240.6
1948,10,14.9,10.3,21.4,1.4,1017.8,,74,6.7,43,150.6,69.5
1948,11,8.7,3.1,15.9,1.3,1021.4,,76,4.8,50,155.8,22.4
1948,0,3.8,-0.5,9.3,1.6,1020.9,,74,6.4,34,103.6,62.2
1948,1,3.5,-1.1,9.5,1.7,1019.3,,73,5.5,45,141.3,36.3
1948,2,4.1,-0.7,9.9,1.6,1019.2,,73,6.7,42,132.1,43.9
1948,3,6.4,1.6,12.3,1.9,1020.1,,72,6.5,39,145.6,130.3
1948,4,13.5,7.9,20.5,1.8,1016,,72,6.7,48,189.2,136.6
1948,5,17.9,12.2,25,1.6,1009.2,,68,7.7,48,207.6,57.2
1948,6,22,17,28.4,1.8,1008.5,,71,6.6,45,195.6,104.2
1948,7,26.2,22.8,31.9,1.5,1009.8,,79,7.9,38,168.9,158.4
1948,8,26.4,22.3,32.8,1.6,1008.5,,74,5.9,52,216,163.9
1948,9,22.8,18.6,28.6,1.4,1013.6,,78,6.8,40,149.3,294.2
1949,10,17.4,12.6,23.4,1.4,1018.2,,75,6.3,43,149,44.9
1949,11,11.3,6.7,17.1,1.5,1022.4,,79,6.2,40,125,141.1
1949,0,8.5,4,13.8,1.2,1021.4,,81,6.3,41,124,68.8
1949,1,4.6,-0.3,10.7,1.9,1018.2,,72,5.3,55,169.7,57.2
1949,2,5.8,1.6,10.8,2.4,1014.8,,74,6.8,44,132.9,85.5
1949,3,5.5,0.9,11.6,2.3,1018,,70,6.9,47,172.9,128.6
1949,4,10.4,4.6,17.3,2.3,1015.8,,70,6,50,194,86.7
1949,5,18.1,12.1,25.2,2.3,1012.4,,70,6.9,47,204.5,166.6
1949,6,21.2,17.1,26.3,2.2,1008.2,,75,8.8,29,123.8,347.5
1949,7,25.1,21.2,31,2.2,1010.4,,77,7.4,44,194.9,322.6
1949,8,26.7,22.1,33.3,2.1,1009,,73,5.5,59,243.6,75.3
1949,9,22.9,19.1,28.7,1.6,1012.9,,81,7.1,38,139.3,209.1
1950,10,15.4,10.8,21.5,1.6,1016.8,,80,6.6,44,152.6,181.9
1950,11,10.5,5.5,16,1.8,1021.6,,80,7,46,143.3,101.4
1950,0,6.4,1.9,11.5,1.8,1018.8,,78,6.5,40,121.3,106.1
1950,1,5.2,1.1,9.9,2.2,1016.1,,75,7.6,39,122,137.7
1950,2,4.4,0.4,9.5,2.1,1018.6,,73,7.3,37,113.8,88
1950,3,6.8,1.6,13.3,2.4,1017.7,,70,6.2,46,169.8,177
1950,4,13.8,8.5,20.5,2.3,1015.3,,70,6.5,46,178,141.3
1950,5,19.1,13.9,25.4,2.5,1012.4,,67,7.9,41,176.3,169.6
1950,6,21.7,17.5,27.1,2,1008.6,,78,8.3,29,126.3,273.1
1950,7,26.6,22.5,32.3,2.6,1009.3,,75,7.1,46,203.8,135.5
1950,8,27.1,23,33.2,2.5,1006.4,,73,5.7,54,226.3,83.6
1950,9,23.1,19.3,28.8,2.3,1012,,76,7.2,42,157.4,157
1951,10,16,11.6,22.4,1.5,1017.3,1012.2,77,6.6,45,156,142
1951,11,11.2,6.6,16.6,1.6,1018,1012.8,78,6.6,38,116.2,92.9
1951,0,5,0.8,10.2,1.8,1019.3,1014,76,6.6,40,121.7,84.3
1951,1,3.5,-0.6,8.5,1.8,1021,1015.6,73,6.8,37,114.9,46.5
1951,2,4.8,0.6,9.9,2.4,1017.9,1012.6,74,7.8,39,117.2,79.1
1951,3,7.4,2.2,13.2,2.5,1018.1,1012.8,68,6.5,42,154.5,103.4
1951,4,12.5,7.4,18.4,2.3,1017,1011.9,71,7.5,39,153.2,168.5
1951,5,18,12.3,25.1,2,1012.4,1007.3,69,6.5,50,214.9,118.7
1951,6,21,15.8,27.4,1.9,1008.2,1003.3,72,7,48,207.1,141
1951,7,25.2,21.1,30.6,1.6,1010,1005.1,78,7.3,37,161.2,488.2
1951,8,28,23.7,34.6,2,1010.5,1005.7,72,6.5,51,212.8,41
1951,9,21,16.2,27.2,1.5,1013.4,1008.3,73,7.4,35,130.9,121.2
1952,10,18.1,13.1,24.7,1.6,1016.4,1011.3,73,6.5,51,179.3,83.8
1952,11,10.8,5.7,16.7,1.5,1019.2,1014,76,6.2,46,141.8,110
1952,0,7.2,2.4,13,1.6,1019.9,1014.6,78,5.5,50,151,53.7
1952,1,4.1,0.2,8.6,1.9,1019.1,1013.7,78,7.1,38,119.3,75.6
1952,2,3.3,-0.4,8,2,1019.5,1014.1,75,7.7,35,110.1,80.2
1952,3,6.8,2,12.6,2.2,1016,1010.8,74,7.4,40,146.9,166.7
1952,4,13.3,8.1,19.1,2.1,1016.6,1011.4,71,6.8,42,163.6,210.1
1952,5,17.7,11.5,24.6,2.4,1013.4,1008.3,68,6.2,52,223,163.9
1952,6,21.6,17,27.1,2.1,1008.3,1003.3,75,8.3,30,128.8,240.7
1952,7,25.2,21.2,30.4,1.9,1008.3,1003.4,78,7,38,167,426.2
1952,8,27.5,22.9,33.9,1.9,1010.2,1005.3,75,5.8,60,248.7,131.3
1952,9,23.1,19,28.7,1.4,1012.9,1007.9,78,7.8,42,156.6,149.9
1953,10,16.5,11.4,22.8,1.7,1017.2,1012.1,75,5.6,51,179.4,104.9
1953,11,12.6,7.4,18.7,1.4,1019.8,1014.6,77,5.4,50,155.2,80.8
1953,0,5.9,1.1,11.8,1.6,1021.9,1016.5,75,5.3,47,141.7,21.3
1953,1,2.9,-1.1,7.9,2,1018.6,1013.2,77,6.4,37,113.9,48.8
1953,2,4,-0.2,8.8,2,1023.1,1017.7,73,6.8,38,115.9,80.5
1953,3,8.6,3.9,14.1,2.3,1016.5,1011.2,71,6.9,42,154.4,133
1953,4,11.6,5.4,18.5,2.2,1017.1,1011.9,62,5.9,52,202.2,66.1
1953,5,17.8,12.3,23.9,2.4,1013.3,1008.3,67,7.1,43,186.7,232.9
1953,6,22.1,18.6,26.5,1.8,1007.7,1002.8,82,8.8,18,79.2,378.4
1953,7,25.7,22.2,29.9,1.7,1009.4,1004.5,80,7.8,31,135.1,392.3
1953,8,27.2,23.3,32.1,2,1009.7,1004.8,75,7.1,41,172.1,164.3
1953,9,23,19,28.2,1.7,1012.6,1007.6,79,7.2,39,144.1,396.3
1954,10,17.4,12.3,23.6,1.4,1017.4,1012.4,73,5.5,53,185.4,56.5
1954,11,10.2,6.4,15.6,1.4,1020.9,1015.6,76,5.5,44,134.9,37.5
1954,0,7.1,2.4,13,1.4,1023.1,1017.7,80,5.4,40,122,51.7
1954,1,5.1,1.7,9.5,1.5,1017.8,1012.4,79,7.2,35,108,102.8
1954,2,5.3,0.8,11.1,1.6,1019.5,1014.2,76,5.8,42,126.7,60.1
1954,3,7.6,2.5,13.3,1.9,1020.1,1014.8,69,5.9,49,181.4,81.7
1954,4,14.5,9.6,20.6,2.4,1015,1009.9,67,6.6,45,177.5,136.1
1954,5,18,13.4,23.3,2.2,1012.7,1007.7,70,7.3,39,169.6,206.5
1954,6,20,16.5,24,2.3,1008.7,1003.7,77,8.7,23,99.9,513.6
1954,7,24.1,20.7,28.6,1.9,1008.5,1003.6,78,8.4,28,121.6,251.9
1954,8,27.7,23.5,33.2,2.3,1009.9,1005,71,5.4,54,223.3,88
1954,9,24.1,20.5,28.9,2.5,1010.3,1005.4,76,6.2,39,145.9,236.6
1955,10,15.7,11.7,20.8,1.6,1017.7,1012.6,75,7.3,31,108.2,48.2
1955,11,12.1,6.8,18.7,1.8,1019.7,1014.6,73,4.3,54,166,62.3
1955,0,6.6,2.6,11.6,1.9,1022.5,1017.1,77,5.9,36,109.8,54.1
1955,1,3.2,-1.1,8.1,2.2,1021.6,1016.1,73,6,39,122.9,60.4
1955,2,5.6,1.1,11.2,2,1015.8,1010.5,71,6.3,45,136.3,104.4
1955,3,9,5.1,13.8,2.1,1019.7,1014.5,71,8.2,29,108.4,173.7
1955,4,14.1,9.4,19.7,2.2,1016.7,1011.5,68,6.6,43,167.4,188.2
1955,5,18.2,13,23.9,2,1011.2,1006.2,70,6.9,41,178.8,130.1
1955,6,23.3,19.3,28.3,1.8,1009.2,1004.2,76,8.3,30,128,174.9
1955,7,27.7,23.6,32.7,2.7,1009.2,1004.3,72,5.8,56,245.7,202
1955,8,27,22.4,32.8,1.9,1009.6,1004.7,70,5.1,53,219.6,146.5
1955,9,23.3,18.9,28.6,1.9,1012.2,1007.2,72,6.5,47,175.1,124.9
1956,10,17.2,13.6,22,1.8,1015.2,1010.2,75,7.3,34,117.4,129.8
1956,11,9.6,4.1,16.6,1.2,1020.6,1015.4,75,4.2,56,173,88.6
1956,0,6.8,1.8,13.3,1,1018.3,1013,76,4.5,49,147.5,23.7
1956,1,3.6,-0.4,8.8,1.4,1016,1010.6,71,5.8,40,123,33.9
1956,2,3.4,-0.8,8.8,2.5,1015.6,1010.2,71,6.2,42,131.6,59.6
1956,3,8.3,3.9,13.6,2.5,1018.9,1013.7,73,6.9,37,138,198.5
1956,4,12.8,7.4,18.7,2.4,1014.7,1009.5,65,6,49,192.2,171.1
1956,5,17.3,13,22.5,2.1,1013.2,1008.1,72,8,32,138.7,236.5
1956,6,22.4,18.1,27.6,2.2,1009.4,1004.4,74,8,33,144.5,250.8
1956,7,26.2,22.4,31.5,2.2,1008.3,1003.4,74,6.4,46,203.1,159
1956,8,25.9,21.5,31.4,1.9,1009.4,1004.5,73,5.5,50,208.7,293.8
1956,9,23.4,19.8,28.2,2,1013.5,1008.6,76,6.8,36,135.2,230.7
1957,10,17.3,13.5,22.5,1.6,1018.5,1013.4,75,7.2,33,115.6,123.4
1957,11,10.3,5.6,16.3,1.6,1021.7,1016.5,76,4.7,47,145.5,65.5
1957,0,4.3,-0.3,10.1,2.3,1022.2,1016.8,68,4.8,46,140,5.4
1957,1,4.3,0.3,9.1,1.7,1020.6,1015.3,77,6.5,35,107.8,55.9
1957,2,3.6,-0.1,8.6,2.4,1020.7,1015.3,69,6.4,36,110,55.5
1957,3,5.2,0.8,11.1,2.4,1017.1,1011.8,67,6.2,46,171.2,69.9
1957,4,14.1,8.2,20.8,2,1016.7,1011.6,64,6,46,178.3,150.2
1957,5,16.7,11.8,22.4,1.7,1012.9,1007.9,70,6.8,41,176,125.2
1957,6,21.2,16.8,26.7,1.7,1008.8,1003.8,71,8.2,36,154,251.1
1957,7,25.2,22.1,29.4,1.8,1007.9,1003,82,8.9,24,106.5,335.9
1957,8,27.3,23.5,32.5,2.3,1009.4,1004.5,74,6.6,48,198.5,172.9
1957,9,20.9,17.6,25.5,1.9,1012.5,1007.6,75,7.8,33,121.8,308.8
1958,10,16.5,11.9,22.7,1.5,1016.3,1011.2,73,5.9,54,187.2,46.7
1958,11,12.1,7,18.7,1.5,1021.2,1016,74,4.9,52,162.2,41.8
1958,0,7,2.5,12,1.8,1019.1,1013.8,75,6.4,36,108.8,66.8
1958,1,4,0,8.8,2.3,1021.1,1015.8,71,6.2,39,122.1,84.3
1958,2,5.3,1,10.5,2.5,1019.1,1013.7,69,5.9,48,144.4,77.2
1958,3,7.5,2.7,13.7,2.4,1017.1,1011.8,67,5.6,43,158.7,63.4
1958,4,13.9,9,19.6,2.4,1016.7,1011.5,68,6.9,40,155,164.8
1958,5,17.9,12.6,24,2.6,1012.7,1007.6,65,6.3,50,216,103.1
1958,6,22.4,17.6,28.4,2.3,1009.3,1004.4,69,7.1,46,199.9,210
1958,7,26.6,23.1,31.4,2.4,1008.5,1003.6,76,7.9,32,142.1,241.1
1958,8,26.8,22.9,32.2,2.5,1010.5,1005.7,73,7,45,188.8,192.4
1958,9,23.4,20,28.7,2,1011.3,1006.4,77,6.7,40,147.4,339.2
1959,10,16.3,12.6,21.3,1.7,1018.9,1013.8,77,6.7,39,136.4,256.1
1959,11,10.7,6.3,16.9,1.6,1020.9,1015.7,76,5,47,146.6,78.2
1959,0,7.1,3.2,12.7,1.8,1020.2,1014.9,78,6.1,44,133,81.8
1959,1,3.4,-0.2,8.6,2.2,1018.7,1013.3,70,6.1,43,134,82.3
1959,2,7.5,3.4,12.3,2.3,1021.5,1016.2,72,7.3,38,114.6,164.8
1959,3,9,4.7,14.4,2.4,1020.3,1015.1,69,6.6,47,172.2,98.3
1959,4,14,9.4,19.3,2.8,1015.1,1010,66,6.5,43,168.6,180.7
1959,5,18.4,13.4,24.5,2.4,1012.6,1007.6,67,6.4,46,196.8,144.8
1959,6,21.8,17.7,27.2,2.5,1008.1,1003.1,71,7.3,42,179.8,88.4
1959,7,26.7,22.8,32.2,2.1,1008.1,1003.3,77,7.1,37,165.2,193.4
1959,8,27.3,23.5,32.9,2.4,1006.7,1001.9,77,5.8,46,189.5,452.3
1959,9,24.3,20.3,30.2,2.3,1010.7,1005.8,76,6.5,44,165.1,268.8
1960,10,17.5,13.3,23.2,1.8,1017.1,1012,77,5.9,46,160,111.9
1960,11,12,7.8,18,1.7,1020.3,1015.1,78,5,48,149.9,100.9
1960,0,6.7,2.4,12.6,1.8,1022,1016.7,76,5.2,46,140.9,97.6
1960,1,3.9,-0.1,9.3,2.4,1020,1014.7,72,5.4,50,156,40.5
1960,2,5.4,0.2,11.9,2,1020,1014.7,71,4.9,51,162.2,27.1
1960,3,8.9,3.9,14.8,2.5,1017.5,1012.3,68,6.6,46,168.7,70.7
1960,4,12.3,7.4,18.2,2.5,1016.2,1011.1,65,5.8,51,198.7,148.8
1960,5,18,13.2,23.8,2.3,1011.3,1006.3,69,6.7,47,203.6,198.8
1960,6,21.8,17.6,26.9,2.1,1010.9,1006,73,7.6,37,160.4,146.2
1960,7,26.8,22.2,32.8,2.2,1009.6,1004.8,72,5.6,54,236.4,192.6
1960,8,27.5,23.4,32.9,2.8,1009.7,1004.8,73,5.6,52,217,460.1
1960,9,23.4,19.9,28.5,1.6,1014.4,1009.5,79,7.8,35,129.5,156.6
1961,10,16.8,12.6,22.9,1.9,1017.8,1012.8,75,5.2,53,186.8,110.7
1961,11,11.9,7.8,17.8,1.5,1019.4,1014.3,79,6.1,44,136.4,99.2
1961,0,5.8,1.6,11.6,2.1,1018.7,1013.5,72,4.7,52,156.7,31.2
1961,1,2.6,-1.5,7.9,2.0 ),1020.6,1015.3,71,5.7,46,142.9,60.1
1961,2,3.3,-0.8,8.7,2.3,1017.2,1011.9,66,6.3,45,138.2,30
1961,3,8,3.1,14.1,2.1,1019.4,1014.1,65,5.9,53 ),188.3 ),93.4
1961,4,14.1,8.7,20.7,2.5 ),1015.8,1010.8,63,5.6,51,199.1,176.4
1961,5,19,14.3,25.1,2.2,1012.5,1007.6,70,7.2,39,170.1,159.3
1961,6,22,17.9,27.2,2.2,1009.7,1004.8,73,7.9,28,123.2,498.2
1961,7,27.4,23.4,32.8,2.1,1008.9,1004.1,76,7,38,169.6,218.3
1961,8,28,23.8,33.8,1.9,1009.7,1004.9,73,6.2,51,212.8,107.2
1961,9,25.7,21.6,31.3,2.2,1012.5,1007.6,70,5.6,46 ),166.3 ),84.9
1962,10,19.3,15.9,24.3,1.9,1015.6,1010.6,75,7.5,31,108.7,331.9
1962,11,12.3,7.9,17.9,1.7,1021.4,1016.3,75,5.8,45,140.7,51
1962,0,6.6,2.5,12.2,1.7,1018.1,1012.9,73,5.5,43 ),127.6 ),29.4
1962,1,3.2,-0.9,8.5,1.9,1015.2,1009.9,71,5.7,44,136.7,55.5
1962,2,4.8,0.2,10.7,2.1,1018.7,1013.4,69,5.9,42,128.3,14.2
1962,3,7.3,2.2,13.5,2.2,1015.6,1010.4,64,5.4,47,174.1,31.7
1962,4,13.1,8,19.1,2.4,1016.8,1011.7,64,6.1,47,182.6,178.7
1962,5,18.1,12.7,24.1,2,1011.7,1006.8,67,6.2,42,181.4,144.9
1962,6,21,17.1,25.5,1.8,1009,1004.1,75,8.5,24,105.8,370.1
1962,7,26.4,22.6,31.3,2.2,1008.7,1003.9,75,7.4,33,143.4,216.4
1962,8,27.6,23.3,33.3,2.3,1010.9,1006.1,71,5.6,53,220.4,158
1962,9,23.9,19.4,30,1.7,1013.8,1008.9,69,6.1,51,188.7,49.5
1963,10,16.8,12.4,22.5,1.7,1017.8,1012.7,70,5.6,49,172.8,58.4
1963,11,11,6.6,16.3,1.5,1020.5,1015.3,74,5.8,36,112,55.4
1963,0,6.6,2.2,12.4,1.6,1019.1,1013.9,71,5.7,47,142.3,53.5
1963,1,1.1,-3.1,6.2,2.7,1010,1004.7,64,5,55,172.5,45.3
1963,2,2.3,-1.5,7.2,1.8,1018.6,1013.3,72,6.6,40,120.1,45.7
1963,3,7,2.1,13.1,2.2,1017.4,1012.2,66,5.8,49,180.2,102.8
1963,4,14.2,9.5,19.8,2.4,1019.4,1014.3,69,7.1,37,144.4,157.6
1963,5,19,16,23.1,2.1,1013.1,1008.2,78,8.9,16,69.5,322.2
1963,6,23.5,20.3,27.9,2.2,1010.9,1006,77,8.8,22,94.1,287.3
1963,7,27.1,22.8,32.5,1.9,1010.3,1005.5,73,6.6,39,172.5,185.1
1963,8,26.7,23,31.9,2,1007.7,1002.9,76,6.9,38,159.2,236.3
1963,9,21.5,17.5,26.2,1.7,1012.1,1007.2,74,7.3,35,130.4,81
1964,10,16.2,11.9,21.7,2,1018,1013,73,5.5,46,160.2,102.1
1964,11,11.2,6.5,17.1,1.7,1020,1014.8,71,5.5,52,159.9,41.8
1964,0,6.7,2.1,12.4,1.6,1020.5,1015.2,73,5.3,45,137.8,18.9
1964,1,5.5,1.8,9.7,1.7,1020.4,1015.1,73,8.1,27,84.8,89.5
1964,2,3.2,-0.2,7.5,2.1,1023.3,1017.9,71,7,33 ),101.3 ),72.9
1964,3,6.6,1.8,12,2.1,1018.6,1013.4,67,6.4,44,162.2,94.6
1964,4,17.2,12.3,22.7,2.2,1019.2,1014.2,73,7.7,35,134.8,179.3
1964,5,19.3,12.8,26,2.1,1014.7,1009.7,62,5.3,55,238,115.9
1964,6,21.6,16.8,27.2,2.1,1008.2,1003.2,71,8.1,33,142.3,209.9
1964,7,27.2,23.1,32.5,1.9,1009.1,1004.3,75,6.7,39,171.9,152
1964,8,28.7,24.6,34.1,2.3,1008.6,1003.8,70,5.6,46,189.4,65.2
1964,9,23.9,19.9,28.9,1.7,1012.8,1008,72,7,34,125.3,133.7
1965,10,16.6,12.2,21.7,1.6,1020,1014.9,75,6.3,39,137.2,110.2
1965,11,10.3,5,16.5,1.5,1019,1013.8,74,4.9,51,156.4,68.8
1965,0,6.2,1.3,12,1.3 ),1021.7,1016.4,75,4.9,42,128.8,15.2
1965,1,3.3,-0.7,8.5,1.5,1019.1,1013.7,73,5.8,38,116.9,66
1965,2,3.8,-0.5,9.2,2.1,1018.2,1012.9,69,6,50,153.3,29.1
1965,3,5.5,0.3,11.4,2.3,1016.8,1011.6,66,5.6,47,173.3,89
1965,4,10.7,5.1,16.4,2.1,1016.1,1011,65,6.4,41,160,100.8
1965,5,17.9,12.3,23.9,2.2,1011.4,1006.5,70,7.1,37,161.9,304.2
1965,6,22,17.2,27.4,1.9,1009.3,1004.4,74,6.8,31,132.2,281
1965,7,25.8,22.4,30.3,1.9,1008.4,1003.6,80,8,24,104.3,378.9
1965,8,27.7,22.3,34,2.2,1010.1,1005.3,65,3.8,60,251.7,31.7
1965,9,21.7,17.2,27.1,1.9,1010.3,1005.4,74,6.9,37,137.8,441.2
1966,10,15.9,10.3,22.7,1.7,1018.5,1013.4,70,3.8,61,213.4,84.3
1966,11,11.8,7,17.4,1.7,1020.5,1015.3,76,5.5,40,122.8,89.3
1966,0,5.8,1.9,10.4,1.9,1019,1013.7,76,6.4,32,98.7,63.1
1966,1,3.4,-0.7,8.3,2.1,1019.6,1014.3,72,5.5,47 ),142.4 ),24.2
1966,2,5.7,0.8,11.7,2.1,1018.5,1013.2,72,5.8,46,139.9,92.8
1966,3,8.5,3.7,13.7,2.3,1013.8,1008.6,70,6.5,40,148.7,171.9
1966,4,13.5,8.6,19.1,2.4,1015.4,1010.3,67,7,42,164.2,139.7
1966,5,17.4,11.7,23.1,2.6,1013,1008,67,6.1,48,208.7,214.2
1966,6,21.4,17.2,26.4,2.2,1009.8,1004.9,74,8.2,37,159.8,196.4
1966,7,25.8,21.4,31.2,2.1,1009.7,1004.8,74,7.1,38,169.4,269.5
1966,8,27.9,23.7,33.6,2.2,1008.2,1003.4,71,6.3,48,197.7,135.6
1966,9,23.2,19.3,28.4,2.1,1010.4,1005.5,74,6.6,44,165.1,280.3
1967,10,17.2,12.1,23.1,1.8,1016.7,1011.7,72,5.3,50,175.2,75.5
1967,11,10.7,5.4,17.2,1.6,1019.3,1014.1,72,4.7,56,172,67.4
1967,0,4.7,0.6,10,1.7,1020,1014.8,75,6.1,40,120.1,46.8
1967,1,3.2,-1,8.6,2.1,1020.1,1014.8,71,4.9,45,139.6,82.9
1967,2,4.1,-0.2,9.6,2,1020.8,1015.5,69,5.7,44,132.6,31.7
1967,3,7.7,2.4,13.9,2.1,1017.9,1012.7,68,5.5,45,166.5,175.9
1967,4,13.8,8.9,19.1,2.3,1018.8,1013.7,70,7.2,33,130.4,265.5
1967,5,19.9,13.4,27.2,2.3,1012.1,1007.1,60,5.1,62,267.8,75.2
1967,6,23.1,17.8,29.1,2.2,1006.6,1001.8,64,6.6,47,204,107.4
1967,7,26.6,22.8,31.2,1.9,1007.2,1002.4,76,7.7,28,125,445.7
1967,8,28.4,23.9,34.2,2.3,1007.7,1002.9,69,6,46,190.8,49.4
1967,9,23.7,19.1,29.1,2,1009.9,1005,71,6.6,39,143.6,51.5
1968,10,16.4,11.7,22,1.7,1016.9,1011.8,71,5.8,42 ),141.5 ),136.3
1968,11,12,7,17.4,1.5,1022.7,1017.6,73,6.5,39,119.9,77.9
1968,0,4.6,0.1,9.9,1.9,1020.5,1015.2,65,4.7,56,170.6,17
1968,1,3.4,-0.7,8.3,2.1,1016.8,1011.5,69,6,35,109.7,39
1968,2,2.3,-2.1,7.7,2.1,1020,1014.7,67,5.1,49,154.9,68.5
1968,3,8,2.9,13.7,2.1,1016.7,1011.6,68,6.2,42,156,110.5
1968,4,14.3,8.5,20.3,2.1,1018.6,1013.5,62,5.9,48,186.2,95
1968,5,18.1,12.8,23.7,2.4,1011.5,1006.4,64,6.8,46,200,99.5
1968,6,22.4,17.7,27.8,2,1010.5,1005.5,68,7.3,39,170.8,135.5
1968,7,25.6,22.1,30,2.2,1006.1,1001.3,75,7.7,29,127.8,275.5
1968,8,26.9,23.1,31.7,1.8,1008.2,1003.4,75,7.3,35,145.8,364
1968,9,22.5,18.5,27.1,2,1014.5,1009.6,71,7.5,35,130.9,210
1969,10,15.7,11.7,20.4,1.7,1016.6,1011.5,75,6.6,39,137.3,120
1969,11,11.6,6.1,18.1,1.5,1021.7,1016.4,71,3.6,63,194.6,28
1969,0,9,4.8,13.6,1.7,1017.8,1012.6,74,6.2,42,127.6,86.5
1969,1,4.8,0.9,9.2,2.1,1017.9,1012.2,70,6.2,44,136,46
1969,2,5,1.5,9.3,2.1,1019.8,1014,74,7.4,33,99.1,109
1969,3,6.9,2.7,11.8,2.1,1018.4,1012.7,69,6.9,42,153.4,119.5
1969,4,13.8,8.2,19.9,2.3,1016.4,1010.9,64,6.4,47,184.4,111
1969,5,19,12.4,25.7,2.4,1010.3,1004.9,60,5.6,58,250.4,84
1969,6,21.4,16.6,26.6,2,1008.7,1003.4,67,6.7,38,164.8,402
1969,7,26.1,22.2,30.8,1.9,1010.6,1005.4,71,7.7,35,153.5,275
1969,8,28.1,23.7,33.6,2,1009.6,1004.4,67,6.2,48,198,134
1969,9,24.7,20.5,29.9,1.9,1013.7,1008.4,67,6.7,42,155.8,54
1970,10,16.7,11.9,22.4,1.9,1016.9,1011.5,66,5.7,52,181,77
1970,11,11,6.6,16.1,1.7,1021.2,1015.6,69,5.3,46,141.5,79
1970,0,5.7,1.1,10.8,1.9,1021.7,1015.9,66,4.3,53,159.7,25.5
1970,1,3.6,-0.8,8.7,2,1019,1013.2,65,5.6,48,149.7,52.5
1970,2,5.1,0.8,10.5,2.1,1020.3,1014.6,68,5.8,45,137.3,67.5
1970,3,5,0.9,10.2,2.5,1018.9,1013.1,63,6.5,47,173.4,64.5
1970,4,13.1,8.8,18.1,2.4,1018.4,1012.8,62,7.3,39,151.6,178
1970,5,19.2,14.1,24.8,2.2,1012.8,1007.4,64,6.6,44,188.3,134
1970,6,21,17.4,25.1,1.7,1011.5,1006.2,73,8.4,22,93.7,375
1970,7,26.5,22.8,31.1,2,1008,1002.8,69,7.2,32,142.8,141
1970,8,27.7,23.8,32.7,2,1010.6,1005.4,67,6.1,45,188,120.5
1970,9,24.7,21.3,29.3,1.8,1013.1,1007.8,71,7.3,34,126.3,226
1971,10,17.3,12.9,22.5,1.5,1019.2,1013.7,69,5.8,42,146.8,72
1971,11,11.2,6.8,16.3,1.8,1019.6,1014,67,5.5,47,144.8,99.5
1971,0,6.2,2,10.9,1.8,1019.9,1014.2,66,5.9,43,130.2,45.5
1971,1,4.3,0.8,8.7,1.9,1018,1012.3,69,6,49,153.5,51.5
1971,2,5.1,1.5,9.3,1.9,1019.5,1013.7,69,6.9,41,124.6,50
1971,3,7.4,2.6,12.9,2.3,1018.6,1012.9,62,5.8,53,195.7,111.5
1971,4,13.6,8,19.9,2.2,1016.6,1011.1,57,5.1,56,217.3,164.5
1971,5,18.5,13.6,23.9,1.9,1013.4,1007.9,62,7.3,41,178.3,172.5
1971,6,22.5,18.6,27,1.7,1008.1,1002.9,71,8.7,24,103.4,132.5
1971,7,26.7,23.1,31.5,1.8,1007.6,1002.4,72,7.8,29,125.6,309
1971,8,27.3,23.6,31.8,2.6,1008.7,1003.5,66,6.8,42,174,158.5
1971,9,22.9,19.5,27.2,1.7,1012,1006.7,70,7.4,33,122.5,388.5
1972,10,16.3,12.5,21.1,1.4,1018.3,1012.9,70,6.7,40,139.5,147.5
1972,11,11.8,7.2,17.5,1.4,1021.1,1015.5,67,5.1,47,144.7,6.5
1972,0,7.4,2.9,12.1,1.5,1021.6,1015.9,68,5.4,43,130.9,69
1972,1,7.1,3.4,11.2,1.7,1021.5,1015.7,69,6.6,33,102.6,74.5
1972,2,5.8,2.5,10,2,1016.1,1010.4,67,7.4,33,102.6,98
1972,3,8.8,3.7,14.2,2.1,1016.8,1011.2,64,6,47,174.3,152
1972,4,14.4,9.4,19.8,2.2,1017.8,1012.3,64,6.1,45,173.7,119
1972,5,18.7,13.7,24.3,2.2,1011.5,1006.1,63,6.4,44,188.3,129
1972,6,22.5,18,27.6,2,1008.5,1003.2,67,7.3,33,141.5,232.5
1972,7,27.1,23.5,31.6,2.4,1007.7,1002.5,69,7.7,36,156.8,389.5
1972,8,27.6,23.3,33.1,1.9,1010.7,1005.5,67,6.2,46,191.1,153
1972,9,23.1,18.9,28.3,1.8,1012.3,1007,67,5.5,42,155.9,288
1973,10,18.1,13,23.8,1.8,1017.8,1012.4,65,5.4,54,190,63.5
1973,11,12,7.3,16.6,1.6,1019.1,1013.5,66,6,47,146.7,105
1973,0,7.7,3.8,12.2,1.7,1020.3,1014.6,69,5.7,44,134.8,51.5
1973,1,6.2,2.8,10.2,1.7,1020.9,1015.1,72,6.6,42,129.7,134
1973,2,6.9,3,11.4,1.9,1018.8,1013.1,67,6.9,36,109.8,71.5
1973,3,7.8,3.4,13,2.2,1017.9,1012.2,62,6.3,43,158.4,6.5
1973,4,15.8,10.4,22,2,1014.7,1009.2,64,6.8,44,171.1,272
1973,5,18.4,13.2,23.9,2.4,1013.3,1007.9,59,6.2,51,222.3,158
1973,6,21.9,17.7,26.6,1.9,1008.9,1003.6,69,7.5,35,151.3,171.5
1973,7,28.4,24.1,33.8,2.3,1009.9,1004.7,63,5.2,55,243.3,22.5
1973,8,28.5,24.7,33.8,1.8,1013.2,1008,71,6.1,38,158.4,183
1973,9,22.3,18.7,26.8,1.5,1013.3,1008,72,7.6,33,121.9,177
1974,10,16.8,12.4,21.7,1.5,1018.4,1013,72,6.2,40,140.3,200
1974,11,10.1,5.3,15.5,1.6 ),1018.5,1012.9,68,4.3,52,160.2,9.5
1974,0,4.3,-0.3,9.4,1.8,1018.3,1012.6,64,3.9,57,174.3,2.5
1974,1,3.2,0,7.5,1.9,1019.2,1013.4,68,6.1,47,147,25.5
1974,2,4.2,0.4,8.8,2,1018.9,1013.1,69,6.6,41,125.3,84.5
1974,3,7,2.6,11.9,1.9,1019.1,1013.4,65,6.7,43,159.6,92.5
1974,4,14.4,8.6,20.3,2.2,1013.7,1008.3,63,6,47,183.9,246
1974,5,19.3,13.6,25,1.9,1014,1008.6,60,6.6,52,225.2,72.5
1974,6,22.7,18,28.2,1.9,1006.9,1001.6,66,7.3,40,173.8,267
1974,7,25.1,21.9,29.4,1.8,1008.6,1003.4,78,8.1,26,114.1,382.5
1974,8,27.6,23.4,32.9,2,1006.9,1001.7,70,5.4,51,213.7,233.5
1974,9,22.3,18.2,27.2,1.9,1012.3,1007,71,7.4,37,138.3,124
1975,10,17,12.7,21.7,1.3,1016.7,1011.2,73,6.3,41,142.6,136.5
1975,11,10.4,6.1,15.4,1.6,1021.4,1015.8,69,5.2,51,158.5,81
1975,0,6.6,3.4,10.4,1.4,1023,1017.3,72,6.5,37,112.2,54.5
1975,1,4,0.3,8.2,1.3,1018.7,1012.9,72,6.2,43,133.5,37.5
1975,2,3.7,0.2,7.8,1.5,1017.2,1011.5,73,6.7,37,112.9,55
1975,3,7.4,2.9,12.8,1.6,1016.3,1010.7,62,6.3,50,183.1,52.5
1975,4,14.1,9.5,18.8,1.6,1015.6,1010.1,67,7,38,150,185.5
1975,5,18.5,13.9,23.7,1.7,1012.2,1006.8,65,7.5,39,169.9,81
1975,6,22.5,18.6,27,1.4,1007.6,1002.3,72,8,28,120.4,208.5
1975,7,26.9,22.7,31.9,1.7,1009.2,1004,71,6.7,40,176.8,199
1975,8,27.2,23.4,31.9,1.9,1010.6,1005.4,68,6.3,47,196,238.5
1975,9,25,21,30.4,1.3,1013.4,1008.1,69,5.4,53,195.9,137.5
1976,10,17.6,14.1,21.6,1.1,1017.2,1011.8,74,7.1,34,120.6,205.5
1976,11,12.2,7.9,17.2,1.4,1020.3,1014.8,70,4.6,56,173,120
1976,0,6.3,2.6,11.1,1.1,1019.5,1013.8,70,6,46,140.6,52.5
1976,1,3.7,-0.2,8.4,1.4,1018.7,1013,64,5,52,163,7
1976,2,6.7,2.8,11,1.4,1019.1,1013.5,69,7,37,116.9,156
1976,3,7.9,3.3,12.7,1.4,1018.1,1012.4,66,6.6,38,138.5,119
1976,4,13.5,8.5,19,1.5,1017.3,1011.8,64,7.4,38,149.6,187.5
1976,5,18.2,13.5,23.2,1.4,1012.2,1006.8,66,7.1,34,145,200
1976,6,22.1,18.6,26.3,1.6,1009.7,1004.4,70,8.6,24,102.7,301
1976,7,25.6,21.9,30.4,1.7,1010.6,1005.4,70,7.4,37,164.7,148
1976,8,26.4,22.3,31.3,1.5,1010.5,1005.2,72,6.5,38,159,191
1976,9,21.2,17.3,26.1,1.3,1012.4,1007,72,6.5,35,131.3,363.5
1977,10,16.6,12.7,21.7,1.3,1016.2,1010.7,70,6,42,145.4,141.5
1977,11,10.3,5.7,15,1.4,1020.9,1015.3,67,5.8,42,131.4,39.5
1977,0,6,1.8,10.6,1.3,1019.4,1013.7,66,5,43,131.4,53
1977,1,2.5,-0.7,6.8,1.3,1020.7,1014.9,66,6.1,43,132.7,18
1977,2,2.9,-1.4,8.2,1.4,1020.7,1014.9,64,5.4,46,138.9,29.5
1977,3,8.7,4.1,13.8,1.7,1020.1,1014.5,65,6.5,38,139.3,185.5
1977,4,14.5,9.1,20.4,1.6,1015.1,1009.6,62,6.2,46,178.2,111
1977,5,18.7,13.6,24.2,1.9,1013,1007.7,61,6.4,46,198.8,81.5
1977,6,22.2,18.7,26,1.6,1008.2,1003,70,8.1,24,103.9,168
1977,7,27.4,23.4,32.3,1.6,1009,1003.8,69,6.9,41,180.6,94.5
1977,8,27,23.4,31.3,1.8,1005.7,1000.5,67,7.8,30,126.4,59
1977,9,24.2,20.3,29.3,1.6,1013.2,1007.9,70,6.7,39,144.5,143
1978,10,18.4,13.2,25,1.1,1020.2,1014.8,66,3.6,67,235.7,52.5
1978,11,13.4,9.5,17.9,1.2,1020.3,1014.8,71,5.6,44,134.9,154
1978,0,8,3.7,12.7,1.1,1021.8,1016.2,71,5.5,44,133.9,51.5
1978,1,4.7,1.4,8.9,1.5,1016.3,1010.6,67,6.2,40,126,28.5
1978,2,3.5,-0.1,7.8,1.6,1018.1,1012.4,65,6.4,37,111.4,11
1978,3,7.6,2.6,13.2,1.7,1016,1010.4,57,5.8,50,185.9,57.5
1978,4,13.4,8,19.1,1.8,1013.6,1008.1,58,6,47,181.6,79
1978,5,19.3,14.2,24.8,1.7,1013,1007.6,63,6.9,39,167.1,89
1978,6,22.5,18,27.4,1.5,1010.3,1005,69 ),6.9,36,157.3,319
1978,7,28.5,24,34.1,1.7,1009.9,1004.7,66,4.8,51,223.3,75
1978,8,28.9,24.2,34.8,1.7,1010.5,1005.4,65,4.4,54,223.1,49
1978,9,23.8,20.3,28.4,1.5,1012.5,1007.3,67,6.9,36,134.8,247
1979,10,17.4,13,22.4,1.3,1018.4,1013,67,5.5,46,159.3,90.5
1979,11,11.8,7.4,16.9,1.2,1020.2,1014.6,70,5.4,45,140.8,66
1979,0,7.5,3,12.6,1.1,1022.5,1016.8,72,4.9,48,144.4,55.5
1979,1,5.7,1.5,11,1.1,1019.8,1014.2,68,4.9,49,151.5,62
1979,2,7.5,3.5,12,1.2,1015.1,1009.5,67,6.4,34,104,95
1979,3,8,3.5,13,1.3,1017.1,1011.5,62,6.2,41,152.1,96
1979,4,12.9,8.2,18.5,1.6,1016.4,1010.8,62,6.5,43,167.7,188.5
1979,5,17.9,12.1,24,1.8,1011.5,1006.1,58,5.4,54,234.2,152
1979,6,24,20.2,28.9,1.7,1012.7,1007.4,70,7.7,33,142.4,220
1979,7,25.8,22,30.6,1.5,1008,1002.8,69,7.5,33,143.8,69
1979,8,27.8,23.9,33.2,1.4,1009.2,1004.1,68,6.7,42,175,166.5
1979,9,23.7,19.8,28.2,1.4,1013.6,1008.3,72,7.4,31,116.2,154.5
1980,10,18.3,13.6,24.2,1.2,1014.9,1009.5,70,4.2,54,190,85
1980,11,12.5,8.3,17.3,1.1,1021.1,1015.6,71,6,42,130.3,118
1980,0,7.6,3.4,12.6,0.8,1022.7,1017.1,73,5,42,128.3,26.5
1980,1,4.2,0.4,8.4,1.2,1017.3,1011.6,69,5.9,41,127.3,85.5
1980,2,3.5,-0.4,8.3,1.4,1020.3,1014.6,60,4.9,53,167,19.5
1980,3,7.3,2.6,12.4,1.5,1018.2,1012.6,62,6.4,43,158.9,161.5
1980,4,12.7,7.3,18.2,1.7,1017.5,1012,63,6.2,44,170.2,175.5
1980,5,18.6,13,24.5,1.7,1012.9,1007.5,64,6.3,47,204.9,238.5
1980,6,23.4,19.5,27.8,1.4,1010.8,1005.5,69,8.6,25,107.1,145.5
1980,7,24.9,21.7,29.2,1.4,1007.6,1002.4,75,8.6,25,112.1,375
1980,8,25.6,22.7,29.4,1.4,1008.9,1003.7,74,9.2,22,92.2,303.5
1980,9,22.2,18.3,26.9,1.2,1012.8,1007.5,73,6.4,39,143.6,204
1981,10,17.4,13.4,21.9,1.3,1017,1011.6,70,6.4,42,147.5,166
1981,11,12.2,7.8,17.4,0.9,1019.6,1014,71,5.8,47,146.1,112.5
1981,0,5.1,1.2,9.7,1.4,1015.4,1009.7,64,4.5,56,169.6,55
1981,1,2.4,-1.2,6.6,1.4,1018.8,1013,62,5.1,50,156.4,12
1981,2,3.9,-0.1,8.2,1.3,1017.5,1011.8,65,6.5,37,110.9,62.5
1981,3,8.3,3.7,13.3,1.4,1018.4,1012.7,64,6.4,42,154.6,112.5
1981,4,13.5,8,19,1.7,1014.3,1008.8,62,6.1,46,178.4,186.5
1981,5,17.7,12.1,23.8,1.7,1011.3,1005.9,62,6.4,48,207.7,204
1981,6,22.3,18.5,26.9,1.3,1009.9,1004.6,72,7.7,27,118.3,200.5
1981,7,27.4,23.7,32.5,1.6,1010.7,1005.5,70,7.2,42,183.1,97
1981,8,26.7,22.8,31.7,1.6,1006.3,1001.1,68,6.9,39,161.8,120
1981,9,22,17.9,26.6,1.3,1013.2,1007.8,69,7.4,40,149.6,144.5
1982,10,16,11.7,21,1.2,1016.7,1011.3,69,6.3,41,143.1,205
1982,11,9.6,5.8,14,1,1020.8,1015.2,70,6.9,35,107.2,88.5
1982,0,5.8,1.9,10.6,1,1021.6,1015.9,72,5.8,45,136.5,25
1982,1,3.8,-0.1,8.6,1.1,1019.2,1013.5,67,5.4,50,155.8,21
1982,2,4.3,0.7,8.7,1.3,1020.3,1014.6,65,6.6,45,135.8,29
1982,3,8.6,3.6,14.1,1.6,1018.4,1012.8,62,6,52,191.8,123.5
1982,4,13.4,8,19.3,1.7,1016.6,1011.1,59,6.3,51,198.4,115.5
1982,5,20.2,14.7,26.1,1.6,1012.5,1007.1,61,5.9,54,231.3,98
1982,6,21.6,16.9,27.2,1.6,1007.6,1002.3,61,7.6,45,192.6,115
1982,7,24.2,20.5,28.7,1.5,1008.7,1003.5,73,8,28,125.3,302
1982,8,26.4,22.8,31.1,1.6,1009.4,1004.2,73,7.7,39,163,303.5
1982,9,22.1,18.5,26.4,1.5,1012.6,1007.3,69,8.1,35,131.3,86.5
1983,10,17.3,12.5,22.7,1.4,1017.1,1011.6,67,5.1,55,193,20
1983,11,13.4,9.4,17.4,1.3,1020,1014.5,74,7.1,40,123,117.5
1983,0,7,2.9,11.7,1.1,1020.8,1015.2,69,5.3,52,157.5,38
1983,1,4.8,1,9.1,1.3,1022.6,1016.9,69,5.8,47,145.4,45
1983,2,4.5,0.3,9.2,1.8,1019.1,1013.3,59,5.4,55,165.8,43.5
1983,3,7.8,3.8,12.5,1.6,1018,1012.3,68,7.5,35,129.2,137.5
1983,4,15.9,10.8,21.7,1.8,1015.5,1010.1,67,6.9,43,166.6,215
1983,5,19.4,13.8,25.5,1.8,1012.8,1007.4,58,5.9,60,261.1,153.5
1983,6,21.8,17.2,27.1,1.8,1009.2,1003.9,64,7.3,45,194.2,266
1983,7,25.7,21.9,30.5,1.5,1007.5,1002.3,72,7.7,34,148,252.5
1983,8,28.5,24.5,33.5,1.9,1008.1,1002.9,69,6.5,53,220.9,118
1983,9,23.8,20.3,28.1,1.3,1012.3,1007,77,7.5,33,121.4,506.5
1984,10,16.5,12,21.7,1.3,1018.1,1012.6,71,6,52,181.6,135
1984,11,10.9,6.3,16.1,1.3,1018.8,1013.2,69,5.5,53,165.2,31.5
1984,0,5.1,1.4,9.9,1.3,1018.7,1013,70,5.4,49,147.4,24
1984,1,2.2,-0.9,6.1,1.3,1018.7,1012.9,72,6.1,46,143.6,46.5
1984,2,2.3,-0.8,6.4,1.9,1018.4,1012.6,68,7.2,46,144,69.5
1984,3,5.1,0.8,10,1.8,1018.1,1012.4,61,5.9,47,174.9,50
1984,4,13.1,8.4,18.3,2.1,1017.9,1012.4,60,6.7,46,179.1,69
1984,5,18.4,12.8,24.2,1.9,1012.8,1007.4,60,6.1,50,214.4,97.5
1984,6,23.7,20,28.2,2.1,1009.5,1004.2,68,8.6,35,149.7,292.5
1984,7,27,23.6,31.3,2,1007,1001.8,71,7.7,33,146.2,195
1984,8,28.8,24.6,34,1.9,1010.6,1005.4,65,5.6,55,230.7,90.5
1984,9,23.2,19.3,28.1,1.6,1013.2,1007.9,67,7,43,159,118
1985,10,16.6,12.3,21.8,1.6,1016.7,1011.2,66,6.1,46,159.6,53
1985,11,12.2,7.8,17.5,1.3,1021.6,1016.1,68,5,53,164,35
1985,0,6.6,2.9,11,1.6,1019.7,1014,65,5.7,49,147.5,45.5
1985,1,3.1,-0.5,7.4,1.6,1020.9,1015.1,64,5.8,45,141.4,12.5
1985,2,5.5,2.1,9.4,1.7,1015.5,1009.8,68,7.6,30,92.2,115
1985,3,8.5,4.7,12.8,1.8,1021.5,1015.8,65,7.9,35,128.2,190.5
1985,4,14.6,9.1,20.7,1.9,1014.6,1009.2,60,5.8,55,214.5,177.5
1985,5,19.7,14.7,25.2,1.9,1013.7,1008.3,62,7,49,209.9,105.5
1985,6,21.8,18.2,26.2,1.7,1009.7,1004.4,70,8.2,26,111,389.5
1985,7,27,22.9,32.2,1.8,1008.3,1003.1,70,6.5,44,195.2,232
1985,8,29.2,25.2,34.4,2.4,1011.5,1006.3,62,4.8,57,237.3,12
1985,9,24.3,20.7,29.3,1.6,1014.4,1009.2,72,7.3,35,129.8,211.5
1986,10,17.7,13.4,22.8,1.5,1018,1012.6,68,6.3,48,167,48
1986,11,11.3,7.3,16,1.5,1017.3,1011.8,69,5.9,44,135,67
1986,0,5.4,1.7,9.9,1.4,1020,1014.3,67,5.8,48,145.7,38
1986,1,2.8,-0.7,7.3,1.6,1019,1013.2,61,5.8,53,165.8,14.5
1986,2,2.6,-0.9,6.9,1.8,1018.4,1012.6,65,6.5,48,146.6,30
1986,3,7.6,3.2,12.6,1.9,1016.5,1010.9,63,6.2,48,178.4,152
1986,4,14.1,8.5,19.9,2,1016.7,1011.2,61,6.2,51,197.2,126.5
1986,5,18,13.3,23.2,2.1,1010.1,1004.7,64,6.9,48,208.9,229.5
1986,6,22.5,18.1,27.5,1.7,1009,1003.8,67,7.5,44,192.4,263.5
1986,7,25.6,22.1,30.3,1.6,1009.9,1004.6,75,7.9,36,156.6,422.5
1986,8,28,24.1,33.2,2.1,1008.5,1003.3,64,6.3,58,240.4,23.5
1986,9,24,19.9,29.3,1.7,1011.9,1006.7,67,6.6,51,189.3,55.5
1987,10,15.8,11.3,21,1.5,1018.3,1012.8,67,5.5,55,192.6,74
1987,11,11,6.7,16.1,1.3,1022.1,1016.5,71,6,51,156.6,19
1987,0,7.6,3.6,12.2,1.4,1020.9,1015.3,72,6.3,48,146.5,68.5
1987,1,4.8,1.3,9.1,1.6,1020.6,1014.9,69,6.8,37,115.1,68.5
1987,2,5.3,1.6,10.1,1.7,1018.4,1012.7,66,6.6,36,108.4,44.5
1987,3,8.2,4,12.6,1.8,1016.2,1010.6,66,7.8,28,102,104.5
1987,4,13.9,8.4,19.9,1.8,1017.6,1012.1,56,6.2,53,205,46
1987,5,18.8,13.6,24.2,1.8,1014.3,1009,63,6.9,39,167.3,163
1987,6,23.4,18.5,29,2,1009.4,1004.1,63,5.9,50,216.2,150
1987,7,27,23.5,31.7,1.8,1008.5,1003.3,72,7.8,31,135.4,365.5
1987,8,28.1,24.1,33.2,1.7,1009.9,1004.7,69,6.7,43,178.4,36.5
1987,9,23.6,19.4,28.5,1.8,1013.4,1008.1,67,7.2,36,135.1,116
1988,10,18.7,14.4,23.7,1.6,1017.7,1012.3,70,6,45,157.6,110.5
1988,11,12.1,7.8,17.2,1.4,1021,1015.4,71,5.3,44,134.9,49.5
1988,0,7,2.7,12.4,1.2,1022.1,1016.4,71,4.8,51,153.5,15.5
1988,1,5.9,2.1,10.2,1.5,1019.8,1014.1,64,6.3,40,125.6,36
1988,2,3.9,0.6,8.2,1.8,1021.2,1015.5,63,7,37,116.9,25
1988,3,7.3,3.2,11.9,2,1017.7,1012.1,63,7.7,30,109.1,125.5
1988,4,13.5,8.3,19.2,1.9,1016.2,1010.7,58,6.4,42,165.6,88.5
1988,5,18.2,12.8,24,1.9,1012,1006.6,59,6.6,43,184.5,176
1988,6,22.7,18.7,27.2,1.9,1007.5,1002.3,70,7.5,30,131,384
1988,7,25.4,22.3,29.5,1.8,1008,1002.8,72,8.4,24,107.1,213.5
1988,8,27.4,23.8,31.9,2,1007.9,1002.7,71,7.6,33,138.3,134
1988,9,24,20.7,28.5,1.6,1011.1,1005.8,73,7.8,31,113.9,133
1989,10,16.4,12.3,21.5,1.4,1016,1010.5,72,6.1,45,156.1,69.5
1989,11,9.6,5,15.1,1.5,1016.8,1011.2,68,4.6,52,160.2,49
1989,0,5.9,1.8,10.8,1.3,1021.9,1016.2,67,5,53,161.7,17
1989,1,6.8,3.2,10.4,1.5,1021.9,1016.2,70,7.3,32,98.8,121
1989,2,6.6,3,10.5,1.6,1020.2,1014.5,74,7.4,29,88.3,182.5
1989,3,8.2,4,13.1,2,1017,1011.3,65,6.5,41,151,101
1989,4,14.5,9.1,20.6,1.9,1014.2,1008.7,60,6.8,49,191.1,104.5
1989,5,18.1,13.4,23.1,1.7,1012,1006.6,69,7.2,37,158.3,196
1989,6,21.8,17.8,26.6,1.8,1010.1,1004.8,68,8.1,32,140.4,185.5
1989,7,25.7,22.1,30.1,2.1,1011.7,1006.5,72,8.1,30,133,139.5
1989,8,27,23.1,31.9,1.9,1007.8,1002.6,70,7,41,171.3,249
1989,9,23.8,20.2,28.2,1.4,1012.6,1007.3,75,8,30,112.6,479
1990,10,16.9,12,22.4,1.4,1017.5,1012,68,4.9,54,187.7,40.5
1990,11,12.6,8.2,17.7,1.4,1021.5,1016,67,5.6,49,150.3,30
1990,0,7,3.3,11.5,1.3,1020.4,1014.7,70,5.4,45,136.6,18.5
1990,1,4.4,1,8.2,1.5,1022.3,1016.6,67,6.9,35,107.4,48.5
1990,2,7.9,4.5,11.7,1.6,1023.8,1018.1,68,8.1,27,81.8,141
1990,3,9.3,4.7,14.5,1.9,1018.7,1013.1,62,6.5,47,173.5,132.5
1990,4,13.8,8.6,19.3,1.9,1014.7,1009.2,62,6.4,42,165.5,114
1990,5,18.6,13.8,23.8,1.7,1014.3,1008.9,64,7.4,42,179.5,162
1990,6,24.2,19.8,29.2,1.9,1010.1,1004.8,66,7.7,38,164.5,153.5
1990,7,27.6,23.7,32.5,1.8,1008.7,1003.6,69,7.6,35,152.5,197
1990,8,29,24.5,34.6,2,1008.6,1003.4,64,5.2,51,211.4,58.5
1990,9,24.7,21.2,29.1,1.8,1013.5,1008.2,71,7.4,31,114.7,387.5
1991,10,17.9,14,22.5,1.4,1017.6,1012.2,71,6.7,39,135.5,148
1991,11,13.7,9.2,18.9,1.4,1019.8,1014.3,72,5.7,50,153.7,129
1991,0,7.7,4.1,12.2,1.5,1020.3,1014.6,68,6,44,133.9,32
1991,1,5.1,2,8.8,1.7,1019.7,1014,65,6.8,40,124.6,29.5
1991,2,4.3,0.9,8.6,1.8,1018.2,1012.5,64,6.3,42,127.3,77.5
1991,3,9.4,5.6,14,1.8,1019.3,1013.7,67,7.7,34,124.7,180
1991,4,15,9.9,20.6,2,1016.3,1010.9,61,6.5,45,176.1,157.5
1991,5,18.7,14.4,23.7,1.9,1013.4,1008,63,7.8,34,146.3,112.5
1991,6,24,20.3,28.1,1.7,1008.4,1003.1,72,8.9,25,106.7,266.5
1991,7,27,23.3,31.6,1.7,1008,1002.8,72,8.6,28,123.9,306
1991,8,27.4,23.8,32,2.2,1006.8,1001.6,66,7.1,39,164.1,31.5
1991,9,24.8,21,29.6,1.8,1012,1006.7,67,7.2,38,140.5,90
1992,10,17.7,14,21.9,1.4,1013.8,1008.4,72,7.3,31,109.5,245
1992,11,11.8,7.4,16.7,1.3,1021.8,1016.3,68,5.6,48,148.5,84
1992,0,8.4,4.7,12.9,1.3 ),1021.8,1016.1,71,5.9,42,126.4,43.0 )
1992,1,6.1,2.4,10.4,1.4,1020.6,1014.9,67,6.3,42,131.5,35.5
1992,2,5.1,1.4,9.3,1.5,1018,1012.3,66,6.6,36,112.2,41
1992,3,9.7,5.8,13.8,1.8,1019.6,1014,63,8.2,32,119.3,167.5
1992,4,14.4,9.1,19.8,2,1012.5,1007,61,6.1,45,177.2,145
1992,5,17.1,12.4,22.6,1.9,1011.6,1006.1,64,6.8,42,180.2,168.5
1992,6,21.9,17.4,27,1.8,1009.1,1003.8,64,8,38,162.5,168
1992,7,26.6,22.6,31.5,1.6,1009,1003.8,70,8.1,36,159.5,121.5
1992,8,27.8,24.4,32.1,2.3,1010.6,1005.4,70,7.6,35,143.8,165.5
1992,9,23.6,19.9,28.4,1.9,1012.8,1007.5,64,7.1,42,154.5,80
1993,10,17.9,14.1,22.8,1.5,1017.1,1011.6,69,6.6,39,135.5,110
1993,11,11.9,7.5,16.8,1.3,1022,1016.4,71,5.4,45,138.8,63
1993,0,8.1,4.5,12.3,1.4,1021.2,1015.6,69,6.7,42,126.2,76
1993,1,5.8,2.6,9.5,1.3,1020.1,1014.4,71,7.2,26,82.1,68
1993,2,6.1,2.1,10.8,1.7,1017.5,1011.9,69,6.5,40,121.3,94.5
1993,3,7.6,3.2,12.7,1.8,1018.1,1012.5,60,6.4,42,155.1,63.5
1993,4,13.3,8.2,19.1,1.8,1014.3,1008.8,61,5.7,45,175,103.5
1993,5,18.2,13.2,23.8,2,1012.8,1007.4,63,7.4,42,181.9,95
1993,6,22.1,18.4,26.6,1.8,1007.7,1002.4,72,8.4,28,122.7,373.5
1993,7,24.7,21.8,28.5,1.8,1008,1002.8,77,9.1,17,77.1,324.5
1993,8,25.7,22.3,30.3,1.8,1008.8,1003.6,75,8.1,26,108.6,356.5
1993,9,22.1,18.6,26.4,1.5,1013.1,1007.8,74,8.5,27,99.2,230
1994,10,16.8,12.7,21.7,1.6,1018.5,1013.1,68,6.2,45,157.1,92
1994,11,13.4,9.2,17.6,1.5,1022.3,1016.7,71,6.6,37,115.5,106.5
1994,0,7.1,3.5,11.3,1.4,1021.6,1015.9,72,6.3,41,124.2,65
1994,1,4.8,1.2,9.4,1.5,1019,1013.3,68,6.1,49,151.9,52.5
1994,2,4.6,1.1,8.9,1.8,1015.1,1009.4,69,7.6,36,108.4,77.5
1994,3,7.1,2.8,12,1.9,1019.8,1014.1,59,6.5,46,168.3,27.5
1994,4,15.6,10.2,21.7,1.9,1015.2,1009.8,56,7,54,209.4,137
1994,5,20,14.7,25.6,2.1 ),1010.8 ),1005.4 ),61 ),6.8,45 ),195.7 ),109.5
1994,6,23.3,18.9,28.2,1.7,1008.6,1003.3,65,7.8,32,136.3,113
1994,7,29.4,25.2,34.7,2,1007.6,1002.5,65,6.2,47 ),200.1 ),82
1994,8,29.8,25.6,35.7,2.2,1012.1,1006.9,63,5.2,62,257,40.5
1994,9,25.1,21,30.4,1.9,1008.8,1003.5,66,6.5,47,175.8,127
1995,10,19.6,15.6,24.5,1.6,1017.6,1012.2,65 ),6.4,48,166.6,49
1995,11,13.1,9.1,18.2,1.4,1023.6,1018,68,6,43,133.2,35
1995,0,7.7,4,12,1.4,1022.4,1016.7,70,7.2,37,113.3,30
1995,1,4.6,1.2,8.4,1.6,1018.8,1013.1,68,6.4,37,113.6,42.5
1995,2,4.9,1.1,9.7,1.6,1019.5,1013.7,63,6.2,43,129.7,22
1995,3,8.6,4.3,13.7,1.9,1017,1011.3,65,6.4,37,137.6,83
1995,4,13.6,8.9,18.6,1.9,1015.7,1010.1,62,7,38,148.3,67
1995,5,18.2,13.6,23.1,1.8,1012.6,1007.2,65,7.3,36,155.2,393.5
1995,6,21.3,17.6,25.8,1.7,1007.9,1002.6,69,8.8,19,81.3,120.5
1995,7,26.9,23.4,31.3,1.6,1010.1,1004.9,76,8.1,29,128.4,379
1995,8,29.9,25.2,35.5,1.8,1011.8,1006.7,64,4.9,60,249.8,46.5
1995,9,23,19,27.6,1.8,1012.1,1006.8,66,7.9,36,135.2,57.5
1996,10,18.5,13.8,24,1.5,1017.7,1012.3,68,5.7,54,187.4,82.5
1996,11,10.3,5.6,15.8,1.5,1017.6,1012,64,5.5,55,171.5,55
1996,0,5.3,2,10.1,1.5,1020.4,1014.7,69,6.9,43 ),126.5 ),17
1996,1,4.7,1.1,9.1,1.6 ),1019.3,1013.6,67,7.1,37 ),116.3 ),36.5
1996,2,3.7,0.1,8.4,1.6 ),1020.1,1014.4,66,6.6,40,125.4,40
1996,3,7.7,3.5,12.5,1.9,1016.7,1011,64,7.8,35,129.6,173
1996,4,11.7,6.2,17.6,1.9,1016.2,1010.7,54,5.9,52,204.8,39.5
1996,5,18.8,13.6,24.6,1.9,1013,1007.6,59,7.2,41,177.2,95
1996,6,23.2,19.8,27.5,1.8 ),1009,1003.7,75,8.9,22,96.1,218
1996,7,27.5,23.3,32.5,1.8,1009.7,1004.5,68,7.1,44,195.4,149
1996,8,27.6,23.6,32.8,1.9,1009.4,1004.2,67,7,48,201,337
1996,9,22.4,18.3,27.1,1.7 ),1012.3,1007,72,7.6,32,117.9,157.5
1997,10,17.2,13,22.5,1.3,1017.9,1012.5,73,6.4,43,151.5,109.5
1997,11,12.3,8.2,16.8,1.3,1019.8,1014.2,72,7.1,38,116.9,69
1997,0,7.1,2.7,12.2,1.3,1020,1014.3,70,4.7,57,174.6,91.5
1997,1,4.6,1.1,9.2,1.6,1016.9,1011.2,67,6.8,39,121.6,33
1997,2,4.6,0.7,9.7,1.6,1019.5,1013.8,67,6.5,44,133.7,37.5
1997,3,9.3,4.4,14.7,1.8,1019.5,1013.9,60,6.6,43,159.7,84.5
1997,4,14.4,9.3,19.9,1.7,1015.6,1010.1,62,6.6,46,180,108
1997,5,19.3,14.2,24.8,1.7,1010.1,1004.8,68,7.5,35,149.9,167
1997,6,23.3,18.9,28.1,1.7,1009.1,1003.9,68,8,35,150.5,131.5
1997,7,26.5,22.8,30.4,1.9,1008.5,1003.3,73,7.7,33,144.5,354.5
1997,8,28,24,33,1.9,1010.4,1005.2,66,6.5,47,194.7,185
1997,9,23.8,20.1,28.4,1.6,1012,1006.7,68,6.7,40,147.7,212.5
1998,10,16.9,12,22.8,1.3,1016.6,1011.2,66,4.5,58,203,11
1998,11,13.1,8.6,18.4,1.2,1020.8,1015.2,71,5.7,47,146.9,163
1998,0,7.9,3.9,12.5,1.2,1021.9,1016.2,70,6.5,44,134.5,71
1998,1,4.9,1.6,9,1.3,1019.9,1014.2,69,6.7,38,117.9,116.5
1998,2,7,3,11.9,1.6,1019.8,1014.1,66,6.6,44,134.1,59
1998,3,9.7,5,15.2,1.8,1018.4,1012.8,59,7.1,47,174.9,88
1998,4,17.3,12.5,22.8,1.7,1016.4,1010.9,68,7.2,39,150.6,171.5
1998,5,21.2,16.5,26.2,1.9,1014.6,1009.2,66,7.9,36,155.6,232.5
1998,6,22.9,19.2,27,1.8,1010,1004.7,71,8.7,27,117.8,271
1998,7,27.4,23.8,31.9,1.8,1007.5,1002.3,69,8.1,32,140.1,107
1998,8,28.9,25.3,33.8,1.7,1008.9,1003.7,69,8.7,38,158.1,90
1998,9,25,21.7,29.2,1.8,1011.6,1006.4,72,7.6,30,111.2,205
1999,10,20.1,16.7,24.3,1.3,1016.4,1011,75,7.5,33,114.4,473.5
1999,11,12.5,8.1,17.2,1.3,1018.8,1013.3,66,6,44,134.7,4
1999,0,8.3,4.4,13.2,1.2,1021.7,1016.1,70,5.7,51 ),150.6 ),30
1999,1,5.1,1.5,9.5,1.6,1018,1012.3,67,6.1,47,145.3,34.5
1999,2,4.7,0.6,9.6,1.5,1019,1013.3,67,6.2,42,126.5,56.5 )
1999,3,9.9,5.8,14.3,1.7,1016.7,1011.1,64,7.7,34,123.9,141
1999,4,14.1,9.6,19.1,2,1014.2,1008.7,61,7,39,151.1,72.5
1999,5,19.9,14.4,25.6,1.9,1011.8,1006.4,57,6.6,50,218.2,167
1999,6,23.1,19.1,27.7,1.7,1009.5,1004.2,70,8.4,31,134.8,523.5
1999,7,26.4,22.8,31,1.7,1008.5,1003.3,68,8.1,34,150.1,106.5
1999,8,28.3,24.8,32.8,2.2,1009.6,1004.4,69,7.9,42,173.3,99.5
1999,9,26.4,23,31,1.7,1012.3,1007.1,72,7.7,32,119.1,192
2000,10,18.9,14.7,24.1,1.4,1017.8,1012.4,68,6.6,47,164,100.5
2000,11,12.7,8.6,17.7,1.3,1019,1013.5,71,5.6,48,147.7,76.5
2000,0,6.9,3.2,11.7,1.3,1021.6,1015.9,66,6.1,49,149.8,5.5
2000,1,6,2.6,9.9,1.4,1021.3,1015.6,70,6.9,31 ),96.4 ),66.5
2000,2,3.6,0.3,8,1.7,1017.2,1011.5,69,7.4,37,117.8,28.5
2000,3,7.5,3,12.9,1.8,1016.2,1010.6,63,6.5,44,163.4,95.5
2000,4,13.5,8.3,19,1.9,1012.6,1007.1,59,6.5,39,153.9,88
2000,5,20.2,15.3,26.1,1.8,1011.2,1005.8,64,7,44,188.1,146
2000,6,23.2,19,27.9,1.7,1008.6,1003.4,71,8.2,30,129,145
2000,7,28.3,24,33.6,1.9,1008.1,1002.9,65,7.1,38,166.7,49.5
2000,8,28.9,24.6,34.8,2,1010.7,1005.5,63,5.9,53,221.6,78
2000,9,24.6,20.7,29.6,1.8,1011.7,1006.5,68,6.4,41,152.7,331.5
2001,10,18.6,14.3,23.2,1.5,1017.5,1012.1,71,7.4,38,132.4,148.5
2001,11,13.3,9.3,18,1.4,1020.8,1015.3,71,6.8,38,118.3,172
2001,0,7.2,3.1,11.8,1.4,1020.8,1015.1,68,5.8,46,140,19.5
2001,1,3.9,0.7,7.9,1.7,1018.5,1012.7,66,7,34,106.5,114
2001,2,5.3,1.3,10,1.6,1020.6,1014.9,65,7.1,36,110.6,79
2001,3,8.6,3.7,13.9,1.9,1013.3,1007.7,61,6.7,42,153.4,87
2001,4,14.7,8.8,20.8,1.9,1015.8,1010.3,55,6.4,53,205.2,27
2001,5,20,14.8,25.5,1.9,1011,1005.6,62,7.9,36,157.5,148.5
2001,6,23.6,19.6,28.4,1.8,1008.4,1003.2,67,9,29,123.4,215.5
2001,7,28.8,24.5,34.3,1.9,1009.4,1004.2,64,6.5,48,212.8,100.5
2001,8,28.2,24.4,33.6,2,1008.7,1003.6,64,6.7,42,175.6,99.5
2001,9,23.5,19.4,28.3,1.8,1012.4,1007.1,67,6.7,43,161.4,130.5
2002,10,18.1,13.6,23.5,1.6,1017.5,1012.1,68,6.4,48,167.2,170.5
2002,11,11.4,6.6,16.9,1.4,1018.8,1013.2,66,5.4,52,161.5,32.5
2002,0,6.5,2.8,11.1,1.4,1022.2,1016.5,68,6.1,45,136.6,30
2002,1,5.7,1.9,9.8,1.8,1016.7,1011.1,63,7,38,117.6,69.5
2002,2,6.1,2.1,11,1.6,1020.7,1015,63,6.9,40,120.6,18.5
2002,3,10.3,4.9,16.5,1.9 ),1016.5,1010.9,57,5.9,50,183,106
2002,4,15.8,10.9,21.8,1.9,1016.6,1011.2,59,7.2,41,160.7,142.5
2002,5,19.2,14.7,24.7,1.9,1012.4,1007,62,7.9,34,146.9,112
2002,6,23.1,18.4,28.3,1.9,1008.6,1003.3,61,7.8,41 ),171.2 ),86.5
2002,7,28.6,24.7,33.3,2,1007.8,1002.6,66,8.1,36 ),160.4 ),149
2002,8,28.2,24.3,33.4,2.2,1009.9,1004.7,63,7.1,43,180.7,66.5
2002,9,24.1,20.1,29,1.8,1013.4,1008.1,64,7.1,39,143.5,79.5
2003,10,17.7,13.2,23.1,1.4,1016.1,1010.7,65,5.4,53,186.2,96
2003,11,9.5,5.4,14.7,1.5,1018.4,1012.8,64,6,46,143.6,39.5
2003,0,6.9,3.6,11.1,1.4,1021.4,1015.8,68,7.3,37,111.8,59
2003,1,3.9,0.5,8,1.7,1018.6,1012.9,67,6.9,38,118.3,97.5
2003,2,5.5,1.8,10,1.5,1019.8,1014.1,65,6.7,37,111.9,64
2003,3,7.3,3,12.5,1.8,1019,1013.4,62,7.7,38,141.2,111
2003,4,15.1,10.3,20.2,1.8,1015.3,1009.9,64,7.9,34,132.6,188
2003,5,19.6,14.5,24.9,2.2,1014.4,1009,61,7.3,38,164.3,118.5
2003,6,22.7,19,27.1,1.7,1008.6,1003.3,69,8.9,21,92.7,262
2003,7,24.3,21.1,28.5,1.7,1009,1003.8,72,9.1,16,72.5,256
2003,8,27.6,23.9,32.6,1.7,1009.5,1004.3,69,8.6,35,146.3,298.5
2003,9,25,21.3,29.9,1.8,1013.2,1008,64,6.7,45,168.6,137.5
2004,10,16.9,12.4,22.3,1.6,1016.9,1011.5,63,6.2,48,167.4,53
2004,11,14.4,10.8,18.5,1.5,1020.8,1015.3,70,7.3,32,99.5,191
2004,0,7.2,3.7,11.6,1.5,1018.9,1013.2,68,6.5,42,127.2,36.5
2004,1,4.3,0.8,8.8,1.6,1019.4,1013.6,64,6.8,46,143.1,16.5
2004,2,6.4,1.6,12.3,1.7,1018.1,1012.5,57,5.3,54,170.4,54.5
2004,3,9.1,4.2,14.8,1.9,1018.6,1013,56,6.1,45,166,74
2004,4,15.4,9.2,22.1,2,1013.4,1008,52,5.4,59,228.8,137.5
2004,5,20.3,15.7,25.5,1.9,1011.9,1006.5,62,8.2,35,152.1,254.5
2004,6,24.4,20,29.4,2,1010.6,1005.4,61,7.4,39,169.8,161
2004,7,28.9,24.6,34.5,2.1,1009.2,1004,60,6.8,50,218.1,50
2004,8,27.7,23.9,32.7,2.2,1009.5,1004.3,64,7.8,37,154.5,249.5
2004,9,25.3,21.9,30,1.8,1015.1,1009.7,67,8.5,30,111.6,210.5
2005,10,18,14.1,22.6,1.7,1017,1011.5,69,6.3,44,152.9,276
2005,11,13.5,9.3,18.7,1.3,1021.2,1015.5,68,5.3,48,148,63
2005,0,8.6,4.6,13.4,1.4,1021,1015.3,67,6.3,42 ),124.8 ),105.5
2005,1,4.5,1.2,8.9,1.6,1017,1011.2,64,6.7,41,127.8,38.5
2005,2,4.9,1.4,9,1.7,1019.1,1013.3,63,7.6,31,93.9,55
2005,3,7.7,3.3,12.9,1.8,1017,1011.3,62,6.6,39,145.3,84
2005,4,15.3,9.5,21.6,2,1015.5,1010,51,5.6,56,218.2,33.5
2005,5,18.5,13.1,24.5,2,1011.2,1005.8,55,7,52,224.7,94.5
2005,6,24.6,20.3,29.7,2.1,1007.6,1002.3,62,8.3,37,161.9,73
2005,7,26.8,23.3,31.3,1.7,1007.4,1002.2,68,8.1,25,108,198.5
2005,8,28.2,24.4,33.4,1.8,1009.7,1004.4,64,8.1,38,160.1,102
2005,9,25.3,21.7,30.1,2,1014.9,1009.6,65,7.9,37,137.1,91.5
2006,10,18.8,14.9,23.4,1.5,1017.4,1011.9,65,7,41,142.9,107.5
2006,11,11.8,7.4,17.3,1.4,1018.7,1013.1,64,5,59,183.2,37
2006,0,3.9,0.6,8.1,1.7,1017.6,1011.8,61,6.4,46,140.4,39.5
2006,1,4,0.9,8.2,1.5,1021.2,1015.4,65,7.5,38,117.1,40.5
2006,2,5.5,1.7,9.9,1.7,1021.9,1016.1,65,7.4,31,94.6,99.5
2006,3,7.5,3.2,12.5,1.8,1014.8,1009.1,61,6.1,40,149.4,120
2006,4,12.6,8.1,17.3,1.9,1012.1,1006.6,58,7.1,31,121,135
2006,5,19,14.5,23.8,2,1014.1,1008.7,63,7.9,33,143.6,160.5
2006,6,23.5,19.1,28.4,1.7,1009,1003.6,62,8.5,32,140,183
2006,7,26.3,23.1,30.5,1.6,1008.5,1003.2,73,9.2,18,78.9,379
2006,8,29.2,25.1,34.9,2.1,1008.8,1003.5,60,6.6,50,210,84
2006,9,23.6,19.7,28.6,1.8,1012.3,1007,63,7.6,41,151.7,108.5
2007,10,19.2,15.1,24.3,1.6,1016.7,1011.2,66,5.8,49,171.3,91.5
2007,11,13.3,9,18,1.5,1017.8,1012.2,65,6.3,49,151.3,71.5
2007,0,7.6,4.1,11.7,1.4,1022.6,1016.8,68,6.9,38,114.7,109.5
2007,1,5.8,1.9,10.6,1.4,1022.3,1016.5,64,6.8,41,128.4,22.5
2007,2,7.3,2.6,12.4,1.7,1018.9,1013.2,58,5.8,48,146.8,71.5
2007,3,8.6,3.7,14.3,1.8,1017.7,1012,57,6.3,45,165,81
2007,4,13.5,8.1,19.3,2,1015.7,1010.1,54,6.9,47 ),184.9 ),17.5
2007,5,18.9,13.5,24.8,2,1009.2,1003.8,56,6.7,49,209.9,156
2007,6,23.1,19.1,27.9,1.9,1009.6,1004.2,64,8.6,30,130.6,159
2007,7,25.3,22,29.5,1.8,1005.3,1000,69,8.3,24,106.3,250
2007,8,29.1,24.8,34.6,1.9,1011.5,1006.2,61,7,50 ),207.2 ),119
2007,9,26.1,22.3,31.1,1.9,1012.2,1006.9,66,7.6,37,135.9,128.5
2008,10,18.7,14.6,23.8,1.6,1017.5,1012,63,6.3,46,161,92
2008,11,12,8,17.1,1.4,1019.7,1014.1,64,6.4,42,128.8,23.5
2008,0,7.7,4.1,12.1,1.4,1018.5,1012.8,66,6.4,41,124.8,92
2008,1,4.6,1.6,8.7,1.4,1021.1,1015.3,67,7.5,35,110,47
2008,2,3.6,0.2,8.3,1.6,1019.5,1013.7,66,7.4,38,120.8,61
2008,3,9.6,4.9,15.1,2.1,1016.8,1011.2,60,6.2,48 ),177.3 ),123.5
2008,4,14.4,9.4,19.9,2.3,1014.5,1008.9,58,6.7,43 ),167.2 ),178
2008,5,19.3,14,25.1,2.3,1011.1,1005.6,56,7,43,184.1,198.5
2008,6,22.3,18.2,27,2,1009.8,1004.5,65,8.8,24,103.9,189.5
2008,7,28.5,24.5,34,2.1,1009.1,1003.9,62,7.2,43,190.5,98.5
2008,8,28,24.3,33.1,2.2,1008.1,1002.9,63,7.8,39,161.9,87.5
2008,9,24,20.2,28.6,2,1012.3,1006.9,65,7.4,36,135.5,207
2009,10,18.5,14.4,23.6,1.6,1017.9,1012.4,66,6.2,47,165.8,123
2009,11,11.9,8.1,16.9,1.6,1019.1,1013.5,65,6.9,43,132.3,66.5
2009,0,7.6,3.3,12.7,1.6,1020.5,1014.8,65,4.9,55,167,50.5
2009,1,5.2,1.7,9.6,1.7,1020.3,1014.5,65,6.8,40,124.7,89.5
2009,2,6.7,2.7,11.2,1.9,1018.2,1012.5,64,7.1,36,110.3,128
2009,3,8.8,4.2,14.2,2.3,1018.1,1012.4,57,6.7,41,153.1,113
2009,4,14.6,9.1,20.6,2.3,1014.5,1009,53,5.9,53,205.9,87.5
2009,5,19.3,14.3,24.8,2.2,1012.2,1006.7,58,8,40,172.8,107
2009,6,23.5,19.2,28.9,2.2,1007.4,1002,60,8.3,36,154.6,134
2009,7,26.6,23.4,31.1,2.2,1007.7,1002.5,69,9.3,19,85.2,309
2009,8,27.4,23.7,32.1,2.3,1009.2,1004,63,7.5,38,159.5,106.5
2009,9,23.5,19.4,28.7,2.2,1012.8,1007.5,61,6.3,47,174.2,53.5
2010,10,18.1,13.9,23.1,1.8,1015.2,1009.7,63,6,50,173.6,131
2010,11,12.3,8.4,17.2,1.7,1020.4,1014.7,68,6.6,38,116.4,156.5
2010,0,7.2,3.6,11.6,1.9,1018,1012.3,63,5.5,48,144.7,42
2010,1,4.7,0.9,9.3,2,1019.5,1013.7,61,5.8,44,137.1,33
2010,2,6.8,3.1,11.3,2.1,1018.9,1013.2,63,7.5,35,105.3,140
2010,3,8.5,4.5,13.2,2.2,1018.8,1013.1,64,7.6,30,110.2,166.5
2010,4,12.6,8.1,17.5,2.4,1018.1,1012.4,59,7.6,36,140.7,191.5
2010,5,18.1,13,23.9,2.3,1012.3,1006.9,59,7.6,44,190,203
2010,6,23.7,19.4,28.8,2,1011.2,1005.8,64,7.9,33,142,227
2010,7,27.6,24,32.4,1.9,1010.4,1005.1,67,8.4,36,156.9,425
2010,8,30.1,26.3,35.2,2.2,1013.6,1008.4,62,6.3,46,189.7,175
2010,9,25.9,21.8,31.2,2.1,1012.8,1007.5,62,7,44,164.7,219
2011,10,19.1,15.5,23.6,1.9,1016.5,1011,69,7.9,37,128.6,160
2011,11,11.8,7.3,16.9,1.7,1019.1,1013.4,67,5.6,47,145.2,15
2011,0,7.5,3.7,12,1.9,1013.2,1007.5,67,5.9,46,139.8,106
2011,1,2.8,-0.7,7.5,2.1,1018.8,1013,67,5.9,52,162,10
2011,2,6.3,2,12,1.8,1019.7,1013.9,65,6.9,45,138.1,80.5
2011,3,6.8,2.3,12.3,2.2,1018.3,1012.6,64,6.2,43,157,60
2011,4,12.5,7,19.1,2.2,1015,1009.4,60,5.7,47,183.1,107
2011,5,19,14.3,23.9,2.2,1011.9,1006.5,64,8,34,147.6,415
2011,6,24.1,20.6,28.4,2.1,1009.6,1004.3,71,9,24,102.1,145.5
2011,7,27.9,24.2,32.6,2.4,1007.9,1002.7,69,7.7,34,151.5,137.5
2011,8,28.7,25,33.6,2.2,1009.9,1004.7,68,7.6,41,172.4,62
2011,9,24.7,20.7,29.5,2.4,1010.5,1005.1,70,7.2,39,146.1,345
2012,10,18.4,14,23.5,1.8,1018.3,1012.8,68,6.5,48,167.4,205.5
2012,11,13.8,9.9,18.3,1.6,1021.3,1015.7,72,6.8,39,119.8,73
2012,0,6.5,3.2,10.9,2,1021.2,1015.5,68,6.5,40,122.9,9.5
2012,1,4.1,1.1,8.2,1.9,1020.1,1014.3,69,7.5,35,108.3,31
2012,2,4.1,0.6,8.2,2.1,1019.3,1013.5,66,7.5,36,114.9,115
2012,3,8.3,4,13,2.3 ),1017.1 ),1011.4 ),66 ),7.1,36 ),133.8 ),142
2012,4,14.2,9.2,20,2.4,1015.3,1009.7,62,6.4,44,172.6,118
2012,5,18.8,13.9,24.3,2.3,1011,1005.6,60,7.8,35,152.3,44.5
2012,6,22.7,19,27.1,2.4,1008.7,1003.4,67,9,25,106.8,236.5
2012,7,27.5,23.8,32.3,2.1,1008.5,1003.3,71,8.4,37,164.5,333.5
2012,8,29,25.1,34.5,2.4,1011.8,1006.5,65,6.3,49,202.3,112
2012,9,25.6,21.9,30.9,2.1,1013.2,1007.8,69,7.1,47,173.2,140.5
2013,10,18.2,13.8,23.5,1.9,1016.2,1010.7,66,5.7,51,179.6,88
2013,11,11.1,7.5,15.3,1.8,1016.8,1011.1,70,7.4,39,119.8,120
2013,0,5.4,1.8,9.4,1.9,1019.4,1013.6,69,6.5,41,124.1,81
2013,1,3.9,0.4,8.1,2,1021.3,1015.5,66,6.1,40,123.6,41
2013,2,4.5,1.4,8.8,2,1021.3,1015.5,67,7.8,35,106.1,96
2013,3,9.7,4.3,15.9,2.2,1016.5,1010.9,58,6.4,45,167,65.5
2013,4,13.4,7.8,19.5,2.4,1012.7,1007.1,58,6.7,49,190.8,109.5
2013,5,19.2,13.5,25.7,2.4,1013.1,1007.7,56,6.3,56,240.7,38
2013,6,24.1,20.1,29.1,2.3,1008.9,1003.6,63,8.2,31,133.8,173.5
2013,7,28,24.1,33.5,2.1,1009.1,1003.8,67,8.2,35,155.5,140
2013,8,29.2,25,35.1,2,1007.8,1002.6,64,6.7,51,210.2,102
2013,9,24.3,20.2,29.7,2.1,1013.9,1008.5,66,5.9,52,191.7,358
2014,10,20,16.6,24.3,2.1,1017.3,1011.8,68,7.6,35,123.9,217.5
2014,11,11.5,7.3,16.3,1.7,1018.2,1012.6,66,5.9,52,162.2,50
2014,0,6.3,3,10.5,1.8,1017.6,1011.9,67,6.5,44,134.3,59.5
2014,1,4.4,0.7,8.9,1.7 ),1021.8 ),1016.0 ),67 ),6.5,45 ),139.2 ),42.5 )
2014,2,5.1,1.9,9.2,2.3 ),1021.5,1015,67,7.7,36,108.1,55
2014,3,9,4.7,14.1,2.3,1017.9,1011.5,65,6.8,45,165.5,147.5
2014,4,14.4,8.9,20.8,2.3,1016.9,1010.7,53,6,53,205.7,84.5
2014,5,19.8,14.5,26.1,2.4,1012.1,1006,56,6.2,52 ],224.0 ],78
2014,6,24.1,20.3,29.3,2.3,1006.7,1000.7,64,8.5,26 ],113.8 ],61
2014,7,27.6,23.7,32.6,2.1,1008.7,1002.7,68,7.6,30 ],131.7 ],98
2014,8,27.5,24.4,32.2,2.2,1009.5,1003.6,72,9.1,23,96.1,487
2014,9,23.3,19.4,28.7,2,1012.6,1006.6,64,6.7,47,174.4,65
2015,10,18.8,14.7,23.7,2.1,1017.7,1011.5,67,6.6,45,155.8,105
2015,11,13.1,9.3,18,1.7,1019.5,1013.1,68,6.5,45,139.6,60
2015,0,5.5,2.2,9.3,2.1,1018.8,1012.3,67,6.3,42,126.9,93.5
2015,1,4.9,2.2,8.4,1.9,1019.5,1012.9,74,8.2,31,97.4,120.5
2015,2,5.6,2.3,9.9,1.9,1018.6,1012.1,69,7.9,34,104.8,43.5
2015,3,9.4,4.9,14.8,2.1,1019.2,1012.8,64,6.4,46,170.9,159
2015,4,15.6,10.9,20.5,2.3,1016.7,1010.4,64,8,38,150,163.5
2015,5,21.2,15.8,27.7,2.2,1010.5,1004.4,55,6.9,48 ),208.4 ),128
2015,6,22.8,18.9,27.5,2.2,1008.3,1002.2,68,9,28,119.6,263
2015,7,27.2,23.8,31.7,2.3,1009.2,1003.3,71,8.4,29,128.7,416.5
2015,8,28.3,24.6,33.6,2,1008.5,1002.6,67,7.5,42,175.7,241.5
2015,9,22.9,19.5,27.5,2,1012.4,1006.3,70,8.1,38,139.8,190.5
2016,10,18.1,13.3,23.9,1.9,1017.2,1011,61,4.2,67,234.3,38.5
2016,11,14.5,11.2,18.4,1.7,1021.7,1015.4,72,7.4,38,116.8,177
2016,0,9,5.3,13.2,1.8,1021.8,1015.4,69,6.2,44,132.4,101
2016,1,5.7,2,10.1,2,1020,1013.4,65,6.4,49,152.9,77
2016,2,6.4,2.3,11.4,2.2,1021.7,1015.2,63,6,48,152.2,99
2016,3,9.9,5.2,15.6,2.2,1020.5,1014.1,60,6.8,47,173.3,69
2016,4,16.1,11.4,21.6,2.4,1014.3,1008.1,61,7.8,41,161.5,180.5
2016,5,21,15.8,27,2.2,1013.2,1007.1,59,6.8,49,213.6,147.5
2016,6,23.2,19.4,28,2.2,1009.3,1003.2,69,8.4,26,114.4,284
2016,7,27.8,24.1,33,2,1009.7,1003.8,68,8.3,36,159.1,102.5
2016,8,29,24.9,34.7,2.3,1004.7,998.8,63,6.3,55,226.9,148.5
2016,9,25.3,22.1,29.6,1.9,1012.6,1006.6,73,8.8,24,90.6,458.5
2017,10,19.7,15.7,24.4,2,1017.9,1011.8,67,7.8,37,128.1,99.5
2017,11,12.5,8.8,16.8,1.7,1020.4,1014,71,6.5,42,131.4,82
2017,0,8.2,4.4,12.5,1.7,1021.4,1015,73,6.9,47,142.8,92
2017,1,4.8,1.5,9.3,2,1019.9,1013.3,71,7,46,142.3,61
2017,2,5.1,1.7,9.6,2.2,1018.8,1012.3,68,6.9,39,119.6,40
2017,3,8.2,3.7,13.5,2.2,1017.1,1010.6,60,6.9,43,159.6,56
2017,4,14.8,9.8,20.5,2.3,1013.9,1007.6,61,6.4,45,177.1,129
2017,5,20.9,15.8,27,2.2,1012.9,1006.8,56,6.6,52,226,66
2017,6,22.5,17.8,28.1,2.2,1009.2,1003.1,60,7.6,45,196.2,205
2017,7,28.4,25.1,33.4,2.1,1009.4,1003.5,72,8.6,30,132.6,150.5
2017,8,28.7,25.1,33.6,2.4,1007.1,1001.2,67,7.7,39,162.2,129.5
2017,9,23.7,19.8,28.3,2.2,1011.8,1005.7,66,7.3,42,157.7,159
2018,10,18,15,21.7,1.9,1018.1,1011.9,75,7.9,28,97.1,397
2018,11,11.2,7.1,16.1,1.6,1020.3,1013.9,70,5.8,51,158,43
2018,0,5.6,2.1,10,2,1020.8,1014.2,67,5.9,48,144.4,33.5
2018,1,3.9,0.7,8,2.0 ),1018.9,1012.4,70,6.7,42,132,42.5
2018,2,4.4,0.4,9.3,2.1,1020.2,1013.6,59,5.6,55,166.3,23.5
2018,3,10.9,5.6,17,2.4,1018.8,1012.4,59,5.4,58,212.6,157
2018,4,16.4,11.1,22.5,2.2,1015.8,1009.6,59,6,51,198.5,161
2018,5,20,15.5,25.3,2.4,1012.4,1006.2,60,7.5,44,190.5,187
2018,6,23.4,19.4,28.3,2.3,1009.2,1003.1,68,8,36,156.1,209
2018,7,29.8,25.8,35,2.4,1009.5,1003.6,64,6.8,50,219.2,368.5
2018,8,29.5,25.5,35,2.6,1008.8,1002.9,63,6.5,48 ),199.9 ),112.5
2018,9,23.6,20.6,27.4,2,1012.3,1006.3,75,8.7,21,77.6,390.5
2019,10,18.7,14.7,23.6,1.9,1016.7,1010.5,66,6.3,49,170.7,35.5
2019,11,13.5,9.5,18.3,1.6,1021.1,1014.8,69,6.1,46,143.9,22.5
2019,0,8.2,4.9,12.1,1.9,1022.2,1015.7,73,7.5,38,114.5,60.5
2019,1,5.1,1.9,9.2,1.8,1020.9,1014.3,71,7,39,120.8,25
2019,2,6.9,3.5,11.2,1.9,1020.9,1014.5,67,7.5,36,109.7,41
2019,3,9.6,5.1,14.8,2.1,1015.6,1009.2,62,7.1,39,145,68.5
2019,4,13.9,8.9,19.5,2.4,1014.5,1008.2,59,6.8,49,191,107
2019,5,20.7,15.2,27,2.4,1013.2,1007,49,6.9,57,247.3,84.5
2019,6,23.6,19.7,28.6,2.3,1007.2,1001.1,65,8.5,35,150.3,140.5
2019,7,26.4,23.3,30.8,2,1008.5,1002.5,77,9,20,89.5,213.5
2019,8,29.3,25.7,34.3,2.6,1008,1002.1,69,7.4,44,181.9,355
2019,9,26.2,22.8,31.1,2.4,1014.5,1008.5,68,7.4,44,161.9,84.5
2020,10,20,16.6,24.2,2,1016.1,1009.9,73,,35,121.5,215
2020,11,12.9,8.9,17.9,1.8 ),1020.4,1014,68,,59,181.1,25.5
2020,0,8.3,4.7,12.3,1.5,1022.3,1015.8,73,,39,117.3,47.5
2020,1,7.5,4.3,11.2,1.9,1019.2,1012.7,70,,31,95.4,64
2020,2,6.9,3.3,11.3,1.9,1022.2,1015.7,68,,40,124.9,55.5
2020,3,10.6,6.2,15.8,2.2,1016,1009.7,62,,48,177.2,92
2020,4,12.9,8.1,18.3,2.5,1014.9,1008.6,56,,51,198.1,121.5
2020,5,20.6,15.9,26.2,2.1,1011.5,1005.4,61,,39,170.1,114
2020,6,24.7,20.8,29.4,2.2,1007.6,1001.6,67 ),,35,151.9,250.5
2020,7,25.7,23,29.5,1.9,1008.8,1002.8,79,,14,63.6,552
2020,8,30.5,26.4,36.2,2.1,1011.1,1005.2,63,,57,236.6,45.5
2020,9,25.5,22.1,30.1,2.2,1011.4,1005.4,69,,35,130.7,114
2021,10,17.9,14.2,22.7,1.8,1017.6,1011.4,69,,47,164,171.5
2021,11,13.6,9.4,18.6,1.7,1022.3,1015.9,69,,54,165.7,41
2021,0,7.2,3.6,11.9,1.8,1020.6,1014.1,69,,57,173.7,23
2021,1,5.1,1.6,9.5,2,1020.7,1014.1,66,,51,157.2,55.5
2021,2,7.7,3.2,12.8,2.2,1018.9,1012.4,61,,53,160.5,54
2021,3,11.6,6.6,17.5,2.2,1019,1012.6,64,,53,194.1,143
2021,4,14.8,9.7,20.7,2.3,1018.6,1012.3,59,,54,209.4,202
2021,5,19.4,15.1,24.4,2.1,1010.6,1004.5,68,,30,129.3,228.5
2021,6,23.9,19.8,28.9,2,1009.5,1003.4,66,,35,149.6,128
2021,7,27.9,24.5,32.8,2.1,1010,1004,71,,35,152.4,390
2021,8,27.7,24.5,32.3,2,1009.9,1003.9,74,,31,128,468.5
2021,9,24.6,21.5,28.8,2,1013.6,1007.5,72,,29,108.6,179.5
