year,month,tavg,tmin,tmax
1882.00,10.00,15.30,9.00,21.40
1882.00,11.00,10.40,4.70,16.70
1882.00,0.00,3.80,-0.70,8.90
1882.00,1.00,4.30,-0.30,9.20
1882.00,2.00,4.40,0.40,8.40
1882.00,3.00,5.50,-0.80,11.80
1882.00,4.00,13.00,6.40,18.80
1882.00,5.00,16.50,9.20,22.10
1882.00,6.00,20.40,15.50,25.10
1882.00,7.00,25.10,20.60,29.80
1882.00,8.00,25.50,20.80,30.10
1882.00,9.00,21.60,16.20,27.00
1883.00,10.00,16.60,10.60,22.20
1883.00,11.00,9.30,3.30,15.30
1883.00,0.00,2.90,-3.10,9.50
1883.00,1.00,2.30,-2.60,7.60
1883.00,2.00,3.10,-1.50,7.90
1883.00,3.00,5.60,-0.30,11.30
1883.00,4.00,11.60,5.50,17.20
1883.00,5.00,16.10,10.10,21.70
1883.00,6.00,21.10,15.30,26.70
1883.00,7.00,25.90,20.40,31.40
1883.00,8.00,26.80,20.70,33.20
1883.00,9.00,22.70,17.20,28.80
1884.00,10.00,17.40,12.80,22.30
1884.00,11.00,9.00,3.70,14.70
1884.00,0.00,3.50,-1.90,9.50
1884.00,1.00,1.90,-2.60,7.00
1884.00,2.00,1.60,-3.00,6.40
1884.00,3.00,5.60,0.30,10.70
1884.00,4.00,11.70,5.80,17.40
1884.00,5.00,16.70,10.60,22.70
1884.00,6.00,21.00,16.30,25.60
1884.00,7.00,25.10,20.90,29.40
1884.00,8.00,25.10,20.60,29.80
1884.00,9.00,23.00,18.40,28.00
1885.00,10.00,14.70,8.80,20.80
1885.00,11.00,7.10,1.70,12.80
1885.00,0.00,2.60,-2.70,8.40
1885.00,1.00,0.80,-3.80,5.70
1885.00,2.00,1.20,-3.50,6.40
1885.00,3.00,3.80,-1.70,9.40
1885.00,4.00,12.50,7.50,17.20
1885.00,5.00,15.90,9.40,21.70
1885.00,6.00,21.50,17.70,25.40
1885.00,7.00,24.60,20.20,29.10
1885.00,8.00,26.50,21.70,31.70
1885.00,9.00,23.40,18.60,28.60
1886.00,10.00,16.80,11.60,22.40
1886.00,11.00,9.80,4.50,15.50
1886.00,0.00,5.10,0.00,10.80
1886.00,1.00,1.40,-3.60,6.30
1886.00,2.00,1.00,-4.00,6.00
1886.00,3.00,7.00,1.50,12.20
1886.00,4.00,12.40,6.40,18.20
1886.00,5.00,16.90,11.60,22.00
1886.00,6.00,21.40,16.40,26.40
1886.00,7.00,26.00,20.50,31.80
1886.00,8.00,27.30,22.10,33.30
1886.00,9.00,23.00,18.90,27.50
1887.00,10.00,17.10,12.10,22.20
1887.00,11.00,10.20,5.40,15.40
1887.00,0.00,3.90,-1.50,9.60
1887.00,1.00,3.50,-0.60,7.50
1887.00,2.00,2.90,-2.10,8.50
1887.00,3.00,5.30,-1.10,11.70
1887.00,4.00,12.10,5.40,18.60
1887.00,5.00,15.50,9.50,21.00
1887.00,6.00,20.70,15.40,25.60
1887.00,7.00,25.00,20.20,29.80
1887.00,8.00,26.30,22.10,31.10
1887.00,9.00,21.50,16.60,26.60
1888.00,10.00,17.30,11.70,23.50
1888.00,11.00,9.70,3.60,16.50
1888.00,0.00,4.60,-1.10,10.60
1888.00,1.00,2.90,-2.70,8.90
1888.00,2.00,1.70,-3.60,7.30
1888.00,3.00,7.50,0.80,13.40
1888.00,4.00,13.10,7.30,18.80
1888.00,5.00,17.20,10.60,22.80
1888.00,6.00,19.60,14.10,24.70
1888.00,7.00,26.00,21.80,30.40
1888.00,8.00,26.80,22.50,32.00
1888.00,9.00,21.30,16.10,27.30
1889.00,10.00,14.80,8.50,21.60
1889.00,11.00,11.70,6.00,18.30
1889.00,0.00,5.30,-0.20,11.20
1889.00,1.00,2.10,-3.00,7.20
1889.00,2.00,2.60,-2.50,7.60
1889.00,3.00,6.60,0.00,12.80
1889.00,4.00,12.50,6.60,17.80
1889.00,5.00,15.60,9.20,21.40
1889.00,6.00,21.90,16.50,26.90
1889.00,7.00,24.70,21.20,28.50
1889.00,8.00,26.20,21.70,31.20
1889.00,9.00,20.30,15.70,25.40
1890.00,10.00,14.90,9.40,21.10
1890.00,11.00,9.10,3.50,15.60
1890.00,0.00,4.90,-0.50,10.30
1890.00,1.00,3.30,-1.90,8.50
1890.00,2.00,6.60,1.00,12.00
1890.00,3.00,8.60,3.00,13.70
1890.00,4.00,14.20,8.20,19.60
1890.00,5.00,17.30,11.70,22.50
1890.00,6.00,22.00,16.70,27.00
1890.00,7.00,25.00,19.90,30.30
1890.00,8.00,26.50,21.90,31.90
1890.00,9.00,24.00,19.50,29.20
1891.00,10.00,16.10,11.10,21.70
1891.00,11.00,10.50,4.40,17.40
1891.00,0.00,9.00,3.40,14.20
1891.00,1.00,2.00,-3.30,7.50
1891.00,2.00,3.80,-1.50,8.80
1891.00,3.00,7.80,1.50,13.90
1891.00,4.00,12.10,5.10,18.70
1891.00,5.00,17.60,9.50,25.00
1891.00,6.00,20.60,15.00,25.90
1891.00,7.00,25.10,21.40,29.40
1891.00,8.00,25.60,20.80,30.80
1891.00,9.00,24.40,19.90,29.20
1892.00,10.00,15.70,8.90,23.10
1892.00,11.00,10.10,3.90,17.20
1892.00,0.00,4.90,-1.60,11.80
1892.00,1.00,2.30,-3.10,9.30
1892.00,2.00,2.80,-2.30,9.40
1892.00,3.00,4.70,0.10,10.80
1892.00,4.00,12.40,6.50,18.50
1892.00,5.00,16.40,10.90,22.80
1892.00,6.00,21.30,17.40,26.20
1892.00,7.00,26.40,22.70,31.80
1892.00,8.00,26.20,21.40,32.80
1892.00,9.00,23.20,19.70,28.40
1893.00,10.00,15.10,10.10,21.80
1893.00,11.00,8.70,3.20,15.90
1893.00,0.00,2.00,-3.10,9.20
1893.00,1.00,1.90,-2.40,7.80
1893.00,2.00,0.80,-3.70,7.10
1893.00,3.00,5.00,-1.00,12.50
1893.00,4.00,12.00,6.20,19.20
1893.00,5.00,15.80,10.20,22.00
1893.00,6.00,19.80,14.90,25.50
1893.00,7.00,26.00,20.40,33.00
1893.00,8.00,26.40,22.20,32.80
1893.00,9.00,23.50,19.30,29.40
1894.00,10.00,16.10,11.60,22.50
1894.00,11.00,8.10,2.60,15.50
1894.00,0.00,3.00,-2.10,10.50
1894.00,1.00,1.90,-2.80,8.70
1894.00,2.00,2.50,-2.90,9.50
1894.00,3.00,7.50,2.80,13.80
1894.00,4.00,13.30,7.60,20.00
1894.00,5.00,16.10,9.00,23.80
1894.00,6.00,23.40,18.50,29.60
1894.00,7.00,26.90,22.50,33.30
1894.00,8.00,27.20,22.40,33.50
1894.00,9.00,22.20,17.80,28.10
1895.00,10.00,14.90,9.60,21.90
1895.00,11.00,10.70,4.60,18.60
1895.00,0.00,4.10,-0.80,11.10
1895.00,1.00,1.40,-4.00,8.20
1895.00,2.00,2.30,-3.30,9.30
1895.00,3.00,6.80,1.30,13.80
1895.00,4.00,12.40,5.50,20.10
1895.00,5.00,17.20,11.10,24.00
1895.00,6.00,20.50,15.40,26.80
1895.00,7.00,23.40,19.70,28.30
1895.00,8.00,26.70,22.70,32.70
1895.00,9.00,22.50,17.70,28.50
1896.00,10.00,15.90,10.70,22.70
1896.00,11.00,8.80,3.10,16.40
1896.00,0.00,4.20,-1.10,11.20
1896.00,1.00,2.50,-2.40,9.30
1896.00,2.00,2.90,-1.60,9.20
1896.00,3.00,4.60,-0.80,11.10
1896.00,4.00,13.40,7.60,19.80
1896.00,5.00,16.40,10.10,23.00
1896.00,6.00,22.10,17.90,27.20
1896.00,7.00,24.30,20.20,29.40
1896.00,8.00,25.70,21.40,31.60
1896.00,9.00,21.30,16.90,27.20
1897.00,10.00,15.20,9.80,21.80
1897.00,11.00,9.30,3.20,17.20
1897.00,0.00,4.00,-1.30,10.90
1897.00,1.00,3.60,-1.40,9.60
1897.00,2.00,2.90,-2.00,9.40
1897.00,3.00,6.20,1.20,12.30
1897.00,4.00,11.10,4.80,17.60
1897.00,5.00,16.50,10.80,22.50
1897.00,6.00,19.50,13.80,25.20
1897.00,7.00,24.80,20.60,29.60
1897.00,8.00,26.70,22.40,32.30
1897.00,9.00,21.60,17.50,26.70
1898.00,10.00,13.90,7.60,21.30
1898.00,11.00,10.00,3.90,17.50
1898.00,0.00,2.70,-3.30,9.70
1898.00,1.00,3.20,-1.70,9.30
1898.00,2.00,3.90,-1.30,10.10
1898.00,3.00,5.40,0.00,11.70
1898.00,4.00,10.50,3.10,17.90
1898.00,5.00,16.50,9.80,23.60
1898.00,6.00,21.10,16.60,26.30
1898.00,7.00,25.90,21.20,31.20
1898.00,8.00,26.70,22.20,32.40
1898.00,9.00,22.10,17.60,27.90
1899.00,10.00,15.60,9.80,23.00
1899.00,11.00,11.30,5.60,17.70
1899.00,0.00,5.50,0.40,12.10
1899.00,1.00,2.30,-2.80,9.20
1899.00,2.00,4.00,-1.00,10.40
1899.00,3.00,7.10,0.80,14.70
1899.00,4.00,12.00,5.00,19.30
1899.00,5.00,18.00,12.10,24.40
1899.00,6.00,22.30,17.70,27.60
1899.00,7.00,24.90,20.70,30.00
1899.00,8.00,25.60,21.10,31.20
1899.00,9.00,20.10,16.00,25.60
1900.00,10.00,12.60,6.90,19.70
1900.00,11.00,7.00,0.90,14.60
1900.00,0.00,5.00,-0.90,11.70
1900.00,1.00,1.50,-2.90,6.90
1900.00,2.00,2.60,-2.70,8.50
1900.00,3.00,5.20,-1.00,12.00
1900.00,4.00,12.30,5.70,18.70
1900.00,5.00,17.50,10.90,24.10
1900.00,6.00,20.40,13.90,26.50
1900.00,7.00,23.80,19.10,28.60
1900.00,8.00,26.60,22.00,31.90
1900.00,9.00,22.60,17.50,28.40
1901.00,10.00,15.40,9.30,22.10
1901.00,11.00,10.30,4.10,17.00
1901.00,0.00,4.30,-2.00,10.70
1901.00,1.00,4.20,-1.10,9.50
1901.00,2.00,1.60,-3.90,7.90
1901.00,3.00,5.20,-2.40,12.90
1901.00,4.00,13.20,6.50,19.50
1901.00,5.00,15.90,9.00,22.60
1901.00,6.00,20.80,15.10,26.20
1901.00,7.00,23.70,19.00,28.20
1901.00,8.00,25.80,20.20,32.20
1901.00,9.00,21.80,16.00,28.70
1902.00,10.00,17.10,11.40,23.10
1902.00,11.00,8.80,2.40,15.90
1902.00,0.00,3.30,-3.50,11.00
1902.00,1.00,1.70,-4.60,8.80
1902.00,2.00,2.40,-4.60,9.70
1902.00,3.00,7.80,0.90,14.70
1902.00,4.00,10.70,3.60,16.90
1902.00,5.00,16.50,10.20,22.30
1902.00,6.00,20.00,14.10,25.70
1902.00,7.00,23.10,18.10,27.70
1902.00,8.00,24.40,19.60,29.70
1902.00,9.00,21.90,16.80,27.20
1903.00,10.00,15.10,8.90,22.10
1903.00,11.00,10.70,4.00,17.70
1903.00,0.00,6.60,0.40,12.70
1903.00,1.00,3.80,-1.90,9.90
1903.00,2.00,3.50,-2.30,9.20
1903.00,3.00,8.50,2.20,14.10
1903.00,4.00,13.20,8.00,18.60
1903.00,5.00,15.20,8.80,21.40
1903.00,6.00,19.80,14.50,25.40
1903.00,7.00,23.20,19.40,27.60
1903.00,8.00,26.20,20.40,33.00
1903.00,9.00,23.80,18.90,30.80
1904.00,10.00,15.70,10.10,22.50
1904.00,11.00,8.30,1.70,16.10
1904.00,0.00,3.30,-2.40,10.50
1904.00,1.00,1.50,-4.10,8.10
1904.00,2.00,4.00,-2.30,11.50
1904.00,3.00,6.30,0.30,13.00
1904.00,4.00,13.40,6.60,20.60
1904.00,5.00,16.10,9.50,22.80
1904.00,6.00,21.70,16.20,27.80
1904.00,7.00,25.80,21.10,31.70
1904.00,8.00,26.50,20.80,33.50
1904.00,9.00,20.90,15.80,28.10
1905.00,10.00,15.30,10.10,22.70
1905.00,11.00,7.40,1.30,15.70
1905.00,0.00,5.00,-0.40,12.30
1905.00,1.00,4.30,-0.90,10.90
1905.00,2.00,2.30,-3.10,9.60
1905.00,3.00,6.40,1.10,13.00
1905.00,4.00,11.10,4.40,18.20
1905.00,5.00,16.80,10.30,23.70
1905.00,6.00,21.60,17.30,27.00
1905.00,7.00,25.60,21.30,31.40
1905.00,8.00,24.30,20.20,29.70
1905.00,9.00,22.00,17.70,28.30
1906.00,10.00,15.70,10.20,23.90
1906.00,11.00,9.70,3.40,18.30
1906.00,0.00,6.80,1.40,13.40
1906.00,1.00,1.60,-3.40,8.70
1906.00,2.00,3.30,-1.40,9.10
1906.00,3.00,6.60,0.20,13.90
1906.00,4.00,11.50,4.10,19.70
1906.00,5.00,16.50,10.30,23.40
1906.00,6.00,19.90,14.80,26.00
1906.00,7.00,24.90,20.50,30.50
1906.00,8.00,25.70,20.50,32.50
1906.00,9.00,20.70,16.10,26.70
1907.00,10.00,15.20,9.80,22.40
1907.00,11.00,8.30,2.40,16.00
1907.00,0.00,4.50,-1.20,11.80
1907.00,1.00,3.80,-2.00,11.10
1907.00,2.00,1.20,-4.20,8.90
1907.00,3.00,5.40,-1.00,13.20
1907.00,4.00,12.00,4.90,19.60
1907.00,5.00,16.20,9.00,23.80
1907.00,6.00,19.90,14.50,25.90
1907.00,7.00,24.70,20.20,30.20
1907.00,8.00,26.10,21.80,32.00
1907.00,9.00,21.50,17.00,28.00
1908.00,10.00,15.20,9.60,23.00
1908.00,11.00,10.70,4.80,18.20
1908.00,0.00,3.20,-2.20,10.90
1908.00,1.00,3.20,-1.90,9.80
1908.00,2.00,2.40,-3.20,9.80
1908.00,3.00,6.20,0.60,12.90
1908.00,4.00,11.90,5.80,18.90
1908.00,5.00,16.00,9.00,23.60
1908.00,6.00,20.90,15.10,27.70
1908.00,7.00,23.80,19.20,30.00
1908.00,8.00,25.50,21.00,31.60
1908.00,9.00,20.30,15.50,26.60
1909.00,10.00,15.70,10.00,23.50
1909.00,11.00,7.90,2.50,15.60
1909.00,0.00,4.60,-1.20,11.90
1909.00,1.00,2.50,-2.00,8.30
1909.00,2.00,2.00,-3.30,8.40
1909.00,3.00,5.60,-0.10,12.10
1909.00,4.00,12.50,5.30,19.90
1909.00,5.00,16.50,9.40,24.20
1909.00,6.00,20.70,16.10,25.90
1909.00,7.00,25.20,20.30,31.00
1909.00,8.00,26.30,20.70,33.30
1909.00,9.00,22.60,18.50,28.30
1910.00,10.00,13.90,8.10,21.30
1910.00,11.00,9.20,2.90,17.30
1910.00,0.00,3.60,-2.30,10.90
1910.00,1.00,4.40,-0.60,10.30
1910.00,2.00,2.00,-3.00,8.90
1910.00,3.00,4.70,-1.00,11.30
1910.00,4.00,11.40,4.20,18.70
1910.00,5.00,16.90,10.40,23.70
1910.00,6.00,21.50,16.40,26.80
1910.00,7.00,25.30,20.30,31.20
1910.00,8.00,25.00,20.30,31.30
1910.00,9.00,21.70,17.60,27.20
1911.00,10.00,15.40,10.60,22.10
1911.00,11.00,9.30,2.80,17.60
1911.00,0.00,3.00,-2.30,10.50
1911.00,1.00,2.80,-2.30,9.20
1911.00,2.00,3.60,-1.80,10.50
1911.00,3.00,7.70,1.50,14.60
1911.00,4.00,11.80,5.40,18.70
1911.00,5.00,16.30,8.90,23.70
1911.00,6.00,21.20,16.30,26.60
1911.00,7.00,25.20,20.40,31.10
1911.00,8.00,25.90,20.80,32.00
1911.00,9.00,23.40,18.90,29.50
1912.00,10.00,14.90,9.20,22.40
1912.00,11.00,11.10,5.10,17.90
1912.00,0.00,4.20,-1.40,11.50
1912.00,1.00,2.30,-2.80,9.30
1912.00,2.00,5.90,0.50,12.20
1912.00,3.00,7.00,0.70,13.80
1912.00,4.00,12.50,5.30,19.90
1912.00,5.00,16.80,9.80,23.80
1912.00,6.00,20.80,14.50,27.50
1912.00,7.00,24.50,20.10,29.50
1912.00,8.00,26.30,21.00,33.40
1912.00,9.00,21.10,16.40,27.00
1913.00,10.00,15.40,9.20,22.70
1913.00,11.00,8.80,3.20,15.80
1913.00,0.00,4.40,-1.00,10.90
1913.00,1.00,1.80,-3.40,8.30
1913.00,2.00,3.30,-2.20,10.20
1913.00,3.00,4.60,-1.90,12.10
1913.00,4.00,13.80,6.60,20.80
1913.00,5.00,15.90,8.70,23.10
1913.00,6.00,20.70,15.80,26.10
1913.00,7.00,24.30,18.20,31.10
1913.00,8.00,25.20,19.30,32.20
1913.00,9.00,19.80,14.10,27.00
1914.00,10.00,15.50,10.00,22.50
1914.00,11.00,9.20,2.70,16.60
1914.00,0.00,4.80,0.20,10.50
1914.00,1.00,3.50,-1.40,9.70
1914.00,2.00,4.10,-0.30,9.60
1914.00,3.00,9.00,3.40,14.60
1914.00,4.00,11.10,5.00,17.10
1914.00,5.00,17.70,11.30,23.90
1914.00,6.00,21.50,16.40,26.60
1914.00,7.00,27.10,22.10,32.70
1914.00,8.00,27.20,22.10,32.90
1914.00,9.00,23.50,18.50,29.40
1915.00,10.00,15.60,10.00,22.30
1915.00,11.00,11.80,6.10,18.20
1915.00,0.00,5.10,0.00,11.70
1915.00,1.00,3.20,-1.80,9.30
1915.00,2.00,4.20,-0.50,9.30
1915.00,3.00,5.60,0.00,12.10
1915.00,4.00,12.50,6.60,18.20
1915.00,5.00,16.50,9.90,23.20
1915.00,6.00,22.70,17.80,27.70
1915.00,7.00,25.60,20.20,31.70
1915.00,8.00,26.30,21.50,31.90
1915.00,9.00,23.60,19.20,29.00
1916.00,10.00,18.20,13.30,23.90
1916.00,11.00,11.60,6.30,18.40
1916.00,0.00,5.30,-0.10,12.10
1916.00,1.00,4.80,-0.30,11.30
1916.00,2.00,4.50,-0.20,10.10
1916.00,3.00,4.90,-1.10,11.40
1916.00,4.00,12.50,6.40,18.30
1916.00,5.00,17.60,11.00,24.00
1916.00,6.00,23.50,18.80,28.70
1916.00,7.00,25.40,21.10,30.60
1916.00,8.00,26.70,22.00,32.20
1916.00,9.00,23.90,19.30,29.50
1917.00,10.00,16.70,12.00,22.10
1917.00,11.00,12.50,7.70,17.70
1917.00,0.00,6.20,1.00,12.10
1917.00,1.00,1.40,-3.20,7.20
1917.00,2.00,2.70,-2.70,9.40
1917.00,3.00,6.10,0.50,11.90
1917.00,4.00,12.10,5.70,18.80
1917.00,5.00,15.20,8.10,22.60
1917.00,6.00,20.80,15.70,26.60
1917.00,7.00,26.90,21.50,33.00
1917.00,8.00,25.40,20.70,30.90
1917.00,9.00,23.20,19.20,28.50
1918.00,10.00,17.00,12.80,22.00
1918.00,11.00,7.40,2.10,14.00
1918.00,0.00,2.90,-2.00,9.20
1918.00,1.00,1.00,-3.20,6.90
1918.00,2.00,3.10,-2.00,9.50
1918.00,3.00,6.50,1.00,13.20
1918.00,4.00,12.20,5.60,18.40
1918.00,5.00,15.90,9.60,22.40
1918.00,6.00,20.60,16.40,25.70
1918.00,7.00,26.50,22.30,31.80
1918.00,8.00,25.60,21.50,31.40
1918.00,9.00,21.70,16.90,27.60
1919.00,10.00,16.30,11.10,22.20
1919.00,11.00,9.60,4.50,15.60
1919.00,0.00,4.40,0.30,10.00
1919.00,1.00,2.90,-0.70,7.90
1919.00,2.00,4.00,-0.90,9.40
1919.00,3.00,7.50,1.50,14.50
1919.00,4.00,12.70,5.60,20.60
1919.00,5.00,17.00,10.50,24.50
1919.00,6.00,21.20,16.70,27.10
1919.00,7.00,24.80,20.70,30.40
1919.00,8.00,25.60,21.00,31.90
1919.00,9.00,21.70,17.30,28.00
1920.00,10.00,16.10,10.70,23.70
1920.00,11.00,11.30,6.20,17.70
1920.00,0.00,4.80,0.70,11.60
1920.00,1.00,3.30,-0.70,9.60
1920.00,2.00,3.10,-0.30,8.10
1920.00,3.00,7.20,2.50,13.50
1920.00,4.00,12.20,6.10,20.10
1920.00,5.00,16.40,10.80,23.20
1920.00,6.00,21.70,17.00,27.70
1920.00,7.00,26.60,22.30,32.70
1920.00,8.00,25.90,21.90,31.50
1920.00,9.00,22.30,17.90,28.20
1921.00,10.00,15.90,10.50,22.90
1921.00,11.00,11.20,6.20,17.70
1921.00,0.00,5.60,1.60,11.40
1921.00,1.00,3.60,-0.50,9.30
1921.00,2.00,3.20,-1.40,9.90
1921.00,3.00,5.30,0.30,12.00
1921.00,4.00,13.20,7.70,19.00
1921.00,5.00,16.80,11.20,23.50
1921.00,6.00,19.50,15.90,24.00
1921.00,7.00,25.10,21.20,30.90
1921.00,8.00,26.60,22.20,32.60
1921.00,9.00,21.70,18.20,26.80
1922.00,10.00,15.60,10.90,22.40
1922.00,11.00,7.70,2.70,14.70
1922.00,0.00,4.90,0.20,11.80
1922.00,1.00,1.30,-2.00,6.30
1922.00,2.00,6.50,2.00,11.60
1922.00,3.00,5.80,0.60,12.30
1922.00,4.00,12.80,6.70,19.70
1922.00,5.00,17.60,11.70,24.20
1922.00,6.00,22.10,15.90,29.00
1922.00,7.00,25.80,21.70,31.20
1922.00,8.00,27.60,23.00,34.10
1922.00,9.00,23.90,19.40,30.10
1923.00,10.00,16.10,10.30,23.20
1923.00,11.00,10.40,5.50,17.30
1923.00,0.00,3.70,-0.40,10.20
1923.00,1.00,1.50,-2.60,7.30
1923.00,2.00,3.70,-0.20,9.40
1923.00,3.00,8.10,2.40,15.10
1923.00,4.00,12.20,6.40,18.50
1923.00,5.00,17.90,12.80,23.30
1923.00,6.00,20.70,16.10,26.30
1923.00,7.00,24.80,21.30,29.70
1923.00,8.00,27.70,23.00,34.40
1923.00,9.00,23.00,18.80,28.50
1924.00,10.00,16.30,11.60,22.70
1924.00,11.00,10.70,5.70,16.70
1924.00,0.00,5.90,1.40,11.90
1924.00,1.00,2.70,-1.80,9.30
1924.00,2.00,3.70,-0.50,9.40
1924.00,3.00,4.00,-0.90,10.50
1924.00,4.00,13.80,7.90,20.30
1924.00,5.00,16.20,10.80,22.30
1924.00,6.00,20.70,15.70,26.50
1924.00,7.00,27.40,22.60,33.70
1924.00,8.00,27.00,22.40,33.20
1924.00,9.00,21.60,17.10,27.70
1925.00,10.00,15.70,11.10,21.70
1925.00,11.00,8.20,2.70,15.70
1925.00,0.00,4.30,-0.30,10.90
1925.00,1.00,2.40,-2.00,8.60
1925.00,2.00,2.20,-2.00,8.00
1925.00,3.00,5.30,0.00,12.40
1925.00,4.00,10.70,4.90,17.20
1925.00,5.00,16.90,10.50,23.50
1925.00,6.00,21.10,16.20,27.10
1925.00,7.00,24.60,20.10,30.00
1925.00,8.00,25.90,21.50,31.60
1925.00,9.00,23.00,18.90,28.70
1926.00,10.00,15.70,10.90,22.30
1926.00,11.00,10.80,5.80,17.70
1926.00,0.00,5.60,0.70,12.00
1926.00,1.00,2.20,-1.80,8.20
1926.00,2.00,3.80,-0.50,10.10
1926.00,3.00,5.40,0.30,12.10
1926.00,4.00,10.50,3.50,18.10
1926.00,5.00,16.60,11.10,22.70
1926.00,6.00,19.90,14.20,26.40
1926.00,7.00,24.50,19.90,30.30
1926.00,8.00,27.00,22.30,33.10
1926.00,9.00,23.30,18.90,29.40
1927.00,10.00,14.50,9.40,21.20
1927.00,11.00,8.80,3.70,15.90
1927.00,0.00,3.70,-0.50,9.40
1927.00,1.00,2.70,-1.50,9.10
1927.00,2.00,2.00,-2.20,7.90
1927.00,3.00,6.10,1.00,12.50
1927.00,4.00,12.40,6.10,19.70
1927.00,5.00,16.10,9.70,22.90
1927.00,6.00,21.20,15.10,28.10
1927.00,7.00,26.60,22.20,32.20
1927.00,8.00,26.00,21.80,31.40
1927.00,9.00,21.30,17.30,26.60
1928.00,10.00,16.10,10.80,22.60
1928.00,11.00,10.90,5.90,17.40
1928.00,0.00,5.80,1.20,11.90
1928.00,1.00,3.60,-0.50,8.40
1928.00,2.00,2.90,-1.40,8.50
1928.00,3.00,6.40,1.10,12.80
1928.00,4.00,12.50,6.10,19.50
1928.00,5.00,18.50,12.20,25.10
1928.00,6.00,20.90,16.30,26.30
1928.00,7.00,25.60,21.40,30.30
1928.00,8.00,25.30,21.20,30.40
1928.00,9.00,24.00,19.60,29.90
1929.00,10.00,16.40,11.60,22.20
1929.00,11.00,11.10,6.10,17.20
1929.00,0.00,4.80,0.70,10.30
1929.00,1.00,1.70,-2.40,7.40
1929.00,2.00,2.20,-2.70,8.70
1929.00,3.00,5.90,0.70,12.40
1929.00,4.00,12.10,5.80,19.10
1929.00,5.00,16.40,11.10,22.10
1929.00,6.00,22.00,16.50,28.10
1929.00,7.00,26.50,22.20,32.20
1929.00,8.00,27.10,22.30,33.00
1929.00,9.00,21.40,17.40,26.40
1930.00,10.00,16.50,12.10,21.90
1930.00,11.00,10.30,5.80,15.90
1930.00,0.00,8.40,4.40,13.40
1930.00,1.00,2.70,-0.90,7.80
1930.00,2.00,4.80,0.90,9.80
1930.00,3.00,8.30,3.70,14.20
1930.00,4.00,13.90,8.20,20.00
1930.00,5.00,17.70,11.70,24.00
1930.00,6.00,21.90,16.60,27.50
1930.00,7.00,27.10,22.80,32.60
1930.00,8.00,27.50,22.70,33.60
1930.00,9.00,21.50,16.20,27.90
1931.00,10.00,16.10,10.60,23.00
1931.00,11.00,8.90,3.90,15.30
1931.00,0.00,5.30,1.10,11.40
1931.00,1.00,3.40,-0.50,8.20
1931.00,2.00,3.40,-0.60,8.40
1931.00,3.00,6.80,0.50,14.30
1931.00,4.00,11.60,6.20,17.70
1931.00,5.00,16.40,9.80,23.20
1931.00,6.00,21.60,16.30,27.40
1931.00,7.00,23.30,19.80,27.80
1931.00,8.00,27.20,22.60,32.60
1931.00,9.00,23.20,18.60,29.00
1932.00,10.00,15.50,10.70,21.50
1932.00,11.00,11.50,6.20,17.70
1932.00,0.00,5.70,0.80,11.70
1932.00,1.00,4.60,-0.30,11.20
1932.00,2.00,3.00,-0.90,8.20
1932.00,3.00,5.80,0.10,12.40
1932.00,4.00,11.00,4.80,17.60
1932.00,5.00,17.80,11.50,24.50
1932.00,6.00,21.30,16.80,26.50
1932.00,7.00,26.50,21.60,32.20
1932.00,8.00,26.70,22.60,32.00
1932.00,9.00,22.00,18.10,26.90
1933.00,10.00,14.90,9.40,22.00
1933.00,11.00,10.10,5.00,16.50
1933.00,0.00,5.70,1.80,11.00
1933.00,1.00,2.70,-1.20,8.30
1933.00,2.00,2.70,-2.00,8.70
1933.00,3.00,5.20,0.90,10.40
1933.00,4.00,12.70,6.80,19.00
1933.00,5.00,18.70,12.50,25.20
1933.00,6.00,22.90,17.30,29.10
1933.00,7.00,27.30,22.70,33.10
1933.00,8.00,26.80,22.50,32.60
1933.00,9.00,22.40,16.90,28.80
1934.00,10.00,15.80,11.10,21.80
1934.00,11.00,10.60,5.20,17.10
1934.00,0.00,5.50,1.30,10.80
1934.00,1.00,1.10,-2.80,6.30
1934.00,2.00,2.50,-1.80,8.20
1934.00,3.00,5.50,0.00,12.00
1934.00,4.00,11.40,5.70,17.70
1934.00,5.00,17.80,10.90,25.40
1934.00,6.00,21.90,16.70,27.60
1934.00,7.00,26.60,22.10,32.00
1934.00,8.00,26.80,21.70,33.00
1934.00,9.00,22.40,18.10,27.70
1935.00,10.00,15.00,10.00,21.20
1935.00,11.00,9.20,4.10,15.50
1935.00,0.00,5.80,1.30,11.90
1935.00,1.00,3.20,-1.00,8.90
1935.00,2.00,4.40,-0.30,10.10
1935.00,3.00,6.80,1.70,12.80
1935.00,4.00,12.20,5.80,18.80
1935.00,5.00,17.40,11.60,23.80
1935.00,6.00,21.40,15.80,27.40
1935.00,7.00,25.80,21.30,31.30
1935.00,8.00,25.80,21.60,31.10
1935.00,9.00,21.70,17.90,26.30
1936.00,10.00,16.50,11.20,23.40
1936.00,11.00,10.70,6.10,16.70
1936.00,0.00,5.10,0.90,10.60
1936.00,1.00,0.90,-2.90,5.80
1936.00,2.00,1.40,-2.40,6.30
1936.00,3.00,4.50,-0.70,10.50
1936.00,4.00,11.60,6.00,17.90
1936.00,5.00,16.70,11.00,22.60
1936.00,6.00,22.40,17.50,28.30
1936.00,7.00,25.10,20.60,30.20
1936.00,8.00,26.40,22.20,31.90
1936.00,9.00,23.90,18.90,30.50
1937.00,10.00,16.10,11.20,22.10
1937.00,11.00,10.20,4.90,16.70
1937.00,0.00,6.90,2.50,12.80
1937.00,1.00,4.00,0.50,8.90
1937.00,2.00,6.10,2.10,11.00
1937.00,3.00,7.30,2.30,13.20
1937.00,4.00,12.50,6.60,19.10
1937.00,5.00,17.30,11.60,23.80
1937.00,6.00,20.50,15.20,26.20
1937.00,7.00,26.50,22.20,32.10
1937.00,8.00,27.70,22.80,34.10
1937.00,9.00,22.30,17.90,27.90
1938.00,10.00,16.50,11.60,22.50
1938.00,11.00,11.20,6.90,16.90
1938.00,0.00,4.50,-0.20,10.30
1938.00,1.00,2.20,-2.00,8.00
1938.00,2.00,2.40,-2.00,8.40
1938.00,3.00,9.00,3.40,15.70
1938.00,4.00,12.50,5.90,19.40
1938.00,5.00,18.50,13.40,24.20
1938.00,6.00,21.80,17.00,27.10
1938.00,7.00,25.90,21.70,31.30
1938.00,8.00,26.40,22.60,31.20
1938.00,9.00,22.40,17.50,28.70
1939.00,10.00,17.60,13.10,23.10
1939.00,11.00,9.10,3.80,16.30
1939.00,0.00,5.10,0.60,11.20
1939.00,1.00,2.00,-1.80,6.90
1939.00,2.00,3.40,-0.70,8.90
1939.00,3.00,6.80,2.00,12.50
1939.00,4.00,12.70,7.30,19.00
1939.00,5.00,17.50,11.50,24.10
1939.00,6.00,21.80,16.60,28.10
1939.00,7.00,27.40,22.50,33.40
1939.00,8.00,26.80,22.10,33.20
1939.00,9.00,23.50,18.30,30.10
1940.00,10.00,17.50,12.50,23.30
1940.00,11.00,12.00,6.90,18.30
1940.00,0.00,4.80,-0.60,11.70
1940.00,1.00,2.30,-2.30,8.10
1940.00,2.00,2.60,-1.30,7.30
1940.00,3.00,6.30,1.10,12.70
1940.00,4.00,12.20,6.10,19.10
1940.00,5.00,17.40,10.70,25.50
1940.00,6.00,21.50,16.00,28.50
1940.00,7.00,27.00,22.60,33.00
1940.00,8.00,25.30,21.20,31.20
1940.00,9.00,23.10,18.30,29.30
1941.00,10.00,17.50,12.10,24.20
1941.00,11.00,12.30,6.70,19.20
1941.00,0.00,6.60,2.00,12.40
1941.00,1.00,4.60,-0.10,10.30
1941.00,2.00,4.10,-0.60,9.60
1941.00,3.00,7.70,2.20,14.30
1941.00,4.00,11.80,5.40,19.00
1941.00,5.00,17.80,11.60,24.80
1941.00,6.00,21.90,17.90,26.90
1941.00,7.00,25.10,21.40,29.90
1941.00,8.00,26.20,22.10,31.90
1941.00,9.00,21.30,17.40,26.20
1942.00,10.00,16.10,10.20,23.30
1942.00,11.00,12.10,6.70,18.50
1942.00,0.00,6.60,1.90,12.20
1942.00,1.00,3.00,-1.60,8.70
1942.00,2.00,3.10,-0.90,8.10
1942.00,3.00,9.90,4.10,15.90
1942.00,4.00,12.10,5.00,19.90
1942.00,5.00,16.70,10.50,23.30
1942.00,6.00,21.80,16.80,27.10
1942.00,7.00,28.40,23.00,35.00
1942.00,8.00,27.50,22.50,34.20
1942.00,9.00,23.70,19.30,29.70
1943.00,10.00,15.50,10.00,22.00
1943.00,11.00,9.00,3.50,15.80
1943.00,0.00,4.40,-0.10,10.10
1943.00,1.00,1.80,-3.30,7.60
1943.00,2.00,2.70,-1.90,8.60
1943.00,3.00,6.10,1.10,12.10
1943.00,4.00,10.90,4.30,18.00
1943.00,5.00,17.50,11.50,24.20
1943.00,6.00,22.20,17.50,27.80
1943.00,7.00,25.70,22.20,30.80
1943.00,8.00,26.80,22.60,33.20
1943.00,9.00,24.30,20.20,30.50
1944.00,10.00,16.50,11.80,22.90
1944.00,11.00,10.10,4.50,16.90
1944.00,0.00,5.30,0.50,11.60
1944.00,1.00,2.90,-1.30,8.20
1944.00,2.00,2.50,-2.10,8.00
1944.00,3.00,5.70,0.60,11.90
1944.00,4.00,11.00,5.50,17.40
1944.00,5.00,18.80,13.60,25.30
1944.00,6.00,22.40,16.80,29.20
1944.00,7.00,26.50,22.00,32.30
1944.00,8.00,27.00,22.50,33.20
1944.00,9.00,22.70,18.00,29.20
1945.00,10.00,16.30,11.80,22.20
1945.00,11.00,10.90,6.50,16.40
1945.00,0.00,4.10,-0.10,9.10
1945.00,1.00,0.90,-3.40,6.50
1945.00,2.00,1.20,-3.10,7.00
1945.00,3.00,6.60,1.40,12.10
1945.00,4.00,12.90,6.50,20.60
1945.00,5.00,15.50,10.60,21.80
1945.00,6.00,21.70,17.40,27.10
1945.00,7.00,23.50,19.50,28.90
1945.00,8.00,27.50,23.10,34.10
1945.00,9.00,22.80,18.90,28.50
1946.00,10.00,17.00,12.90,22.50
1946.00,11.00,10.20,4.70,17.20
1946.00,0.00,4.20,0.00,9.70
1946.00,1.00,3.40,-1.10,9.20
1946.00,2.00,3.40,-1.50,9.50
1946.00,3.00,6.10,1.40,11.50
1946.00,4.00,13.30,7.10,20.20
1946.00,5.00,16.70,11.60,22.90
1946.00,6.00,22.50,18.10,28.40
1946.00,7.00,27.10,22.20,33.40
1946.00,8.00,26.90,22.40,33.20
1946.00,9.00,22.40,17.60,29.00
1947.00,10.00,17.20,11.90,23.90
1947.00,11.00,12.90,8.10,19.40
1947.00,0.00,4.80,0.50,9.80
1947.00,1.00,3.80,0.10,8.50
1947.00,2.00,1.40,-3.30,7.80
1947.00,3.00,5.40,0.20,11.70
1947.00,4.00,12.00,5.00,20.20
1947.00,5.00,16.40,11.10,22.80
1947.00,6.00,20.40,16.00,25.90
1947.00,7.00,26.40,22.30,32.50
1947.00,8.00,27.60,22.60,35.00
1947.00,9.00,23.10,18.70,29.50
1948.00,10.00,14.90,10.30,21.40
1948.00,11.00,8.70,3.10,15.90
1948.00,0.00,3.80,-0.50,9.30
1948.00,1.00,3.50,-1.10,9.50
1948.00,2.00,4.10,-0.70,9.90
1948.00,3.00,6.40,1.60,12.30
1948.00,4.00,13.50,7.90,20.50
1948.00,5.00,17.90,12.20,25.00
1948.00,6.00,22.00,17.00,28.40
1948.00,7.00,26.20,22.80,31.90
1948.00,8.00,26.40,22.30,32.80
1948.00,9.00,22.80,18.60,28.60
1949.00,10.00,17.40,12.60,23.40
1949.00,11.00,11.30,6.70,17.10
1949.00,0.00,8.50,4.00,13.80
1949.00,1.00,4.60,-0.30,10.70
1949.00,2.00,5.80,1.60,10.80
1949.00,3.00,5.50,0.90,11.60
1949.00,4.00,10.40,4.60,17.30
1949.00,5.00,18.10,12.10,25.20
1949.00,6.00,21.20,17.10,26.30
1949.00,7.00,25.10,21.20,31.00
1949.00,8.00,26.70,22.10,33.30
1949.00,9.00,22.90,19.10,28.70
1950.00,10.00,15.40,10.80,21.50
1950.00,11.00,10.50,5.50,16.00
1950.00,0.00,6.40,1.90,11.50
1950.00,1.00,5.20,1.10,9.90
1950.00,2.00,4.40,0.40,9.50
1950.00,3.00,6.80,1.60,13.30
1950.00,4.00,13.80,8.50,20.50
1950.00,5.00,19.10,13.90,25.40
1950.00,6.00,21.70,17.50,27.10
1950.00,7.00,26.60,22.50,32.30
1950.00,8.00,27.10,23.00,33.20
1950.00,9.00,23.10,19.30,28.80
1951.00,10.00,16.00,11.60,22.40
1951.00,11.00,11.20,6.60,16.60
1951.00,0.00,5.00,0.80,10.20
1951.00,1.00,3.50,-0.60,8.50
1951.00,2.00,4.80,0.60,9.90
1951.00,3.00,7.40,2.20,13.20
1951.00,4.00,12.50,7.40,18.40
1951.00,5.00,18.00,12.30,25.10
1951.00,6.00,21.00,15.80,27.40
1951.00,7.00,25.20,21.10,30.60
1951.00,8.00,28.00,23.70,34.60
1951.00,9.00,21.00,16.20,27.20
1952.00,10.00,18.10,13.10,24.70
1952.00,11.00,10.80,5.70,16.70
1952.00,0.00,7.20,2.40,13.00
1952.00,1.00,4.10,0.20,8.60
1952.00,2.00,3.30,-0.40,8.00
1952.00,3.00,6.80,2.00,12.60
1952.00,4.00,13.30,8.10,19.10
1952.00,5.00,17.70,11.50,24.60
1952.00,6.00,21.60,17.00,27.10
1952.00,7.00,25.20,21.20,30.40
1952.00,8.00,27.50,22.90,33.90
1952.00,9.00,23.10,19.00,28.70
1953.00,10.00,16.50,11.40,22.80
1953.00,11.00,12.60,7.40,18.70
1953.00,0.00,5.90,1.10,11.80
1953.00,1.00,2.90,-1.10,7.90
1953.00,2.00,4.00,-0.20,8.80
1953.00,3.00,8.60,3.90,14.10
1953.00,4.00,11.60,5.40,18.50
1953.00,5.00,17.80,12.30,23.90
1953.00,6.00,22.10,18.60,26.50
1953.00,7.00,25.70,22.20,29.90
1953.00,8.00,27.20,23.30,32.10
1953.00,9.00,23.00,19.00,28.20
1954.00,10.00,17.40,12.30,23.60
1954.00,11.00,10.20,6.40,15.60
1954.00,0.00,7.10,2.40,13.00
1954.00,1.00,5.10,1.70,9.50
1954.00,2.00,5.30,0.80,11.10
1954.00,3.00,7.60,2.50,13.30
1954.00,4.00,14.50,9.60,20.60
1954.00,5.00,18.00,13.40,23.30
1954.00,6.00,20.00,16.50,24.00
1954.00,7.00,24.10,20.70,28.60
1954.00,8.00,27.70,23.50,33.20
1954.00,9.00,24.10,20.50,28.90
1955.00,10.00,15.70,11.70,20.80
1955.00,11.00,12.10,6.80,18.70
1955.00,0.00,6.60,2.60,11.60
1955.00,1.00,3.20,-1.10,8.10
1955.00,2.00,5.60,1.10,11.20
1955.00,3.00,9.00,5.10,13.80
1955.00,4.00,14.10,9.40,19.70
1955.00,5.00,18.20,13.00,23.90
1955.00,6.00,23.30,19.30,28.30
1955.00,7.00,27.70,23.60,32.70
1955.00,8.00,27.00,22.40,32.80
1955.00,9.00,23.30,18.90,28.60
1956.00,10.00,17.20,13.60,22.00
1956.00,11.00,9.60,4.10,16.60
1956.00,0.00,6.80,1.80,13.30
1956.00,1.00,3.60,-0.40,8.80
1956.00,2.00,3.40,-0.80,8.80
1956.00,3.00,8.30,3.90,13.60
1956.00,4.00,12.80,7.40,18.70
1956.00,5.00,17.30,13.00,22.50
1956.00,6.00,22.40,18.10,27.60
1956.00,7.00,26.20,22.40,31.50
1956.00,8.00,25.90,21.50,31.40
1956.00,9.00,23.40,19.80,28.20
1957.00,10.00,17.30,13.50,22.50
1957.00,11.00,10.30,5.60,16.30
1957.00,0.00,4.30,-0.30,10.10
1957.00,1.00,4.30,0.30,9.10
1957.00,2.00,3.60,-0.10,8.60
1957.00,3.00,5.20,0.80,11.10
1957.00,4.00,14.10,8.20,20.80
1957.00,5.00,16.70,11.80,22.40
1957.00,6.00,21.20,16.80,26.70
1957.00,7.00,25.20,22.10,29.40
1957.00,8.00,27.30,23.50,32.50
1957.00,9.00,20.90,17.60,25.50
1958.00,10.00,16.50,11.90,22.70
1958.00,11.00,12.10,7.00,18.70
1958.00,0.00,7.00,2.50,12.00
1958.00,1.00,4.00,0.00,8.80
1958.00,2.00,5.30,1.00,10.50
1958.00,3.00,7.50,2.70,13.70
1958.00,4.00,13.90,9.00,19.60
1958.00,5.00,17.90,12.60,24.00
1958.00,6.00,22.40,17.60,28.40
1958.00,7.00,26.60,23.10,31.40
1958.00,8.00,26.80,22.90,32.20
1958.00,9.00,23.40,20.00,28.70
1959.00,10.00,16.30,12.60,21.30
1959.00,11.00,10.70,6.30,16.90
1959.00,0.00,7.10,3.20,12.70
1959.00,1.00,3.40,-0.20,8.60
1959.00,2.00,7.50,3.40,12.30
1959.00,3.00,9.00,4.70,14.40
1959.00,4.00,14.00,9.40,19.30
1959.00,5.00,18.40,13.40,24.50
1959.00,6.00,21.80,17.70,27.20
1959.00,7.00,26.70,22.80,32.20
1959.00,8.00,27.30,23.50,32.90
1959.00,9.00,24.30,20.30,30.20
1960.00,10.00,17.50,13.30,23.20
1960.00,11.00,12.00,7.80,18.00
1960.00,0.00,6.70,2.40,12.60
1960.00,1.00,3.90,-0.10,9.30
1960.00,2.00,5.40,0.20,11.90
1960.00,3.00,8.90,3.90,14.80
1960.00,4.00,12.30,7.40,18.20
1960.00,5.00,18.00,13.20,23.80
1960.00,6.00,21.80,17.60,26.90
1960.00,7.00,26.80,22.20,32.80
1960.00,8.00,27.50,23.40,32.90
1960.00,9.00,23.40,19.90,28.50
1961.00,10.00,16.80,12.60,22.90
1961.00,11.00,11.90,7.80,17.80
1961.00,0.00,5.80,1.60,11.60
1961.00,1.00,2.60,-1.50,7.90
1961.00,2.00,3.30,-0.80,8.70
1961.00,3.00,8.00,3.10,14.10
1961.00,4.00,14.10,8.70,20.70
1961.00,5.00,19.00,14.30,25.10
1961.00,6.00,22.00,17.90,27.20
1961.00,7.00,27.40,23.40,32.80
1961.00,8.00,28.00,23.80,33.80
1961.00,9.00,25.70,21.60,31.30
1962.00,10.00,19.30,15.90,24.30
1962.00,11.00,12.30,7.90,17.90
1962.00,0.00,6.60,2.50,12.20
1962.00,1.00,3.20,-0.90,8.50
1962.00,2.00,4.80,0.20,10.70
1962.00,3.00,7.30,2.20,13.50
1962.00,4.00,13.10,8.00,19.10
1962.00,5.00,18.10,12.70,24.10
1962.00,6.00,21.00,17.10,25.50
1962.00,7.00,26.40,22.60,31.30
1962.00,8.00,27.60,23.30,33.30
1962.00,9.00,23.90,19.40,30.00
1963.00,10.00,16.80,12.40,22.50
1963.00,11.00,11.00,6.60,16.30
1963.00,0.00,6.60,2.20,12.40
1963.00,1.00,1.10,-3.10,6.20
1963.00,2.00,2.30,-1.50,7.20
1963.00,3.00,7.00,2.10,13.10
1963.00,4.00,14.20,9.50,19.80
1963.00,5.00,19.00,16.00,23.10
1963.00,6.00,23.50,20.30,27.90
1963.00,7.00,27.10,22.80,32.50
1963.00,8.00,26.70,23.00,31.90
1963.00,9.00,21.50,17.50,26.20
1964.00,10.00,16.20,11.90,21.70
1964.00,11.00,11.20,6.50,17.10
1964.00,0.00,6.70,2.10,12.40
1964.00,1.00,5.50,1.80,9.70
1964.00,2.00,3.20,-0.20,7.50
1964.00,3.00,6.60,1.80,12.00
1964.00,4.00,17.20,12.30,22.70
1964.00,5.00,19.30,12.80,26.00
1964.00,6.00,21.60,16.80,27.20
1964.00,7.00,27.20,23.10,32.50
1964.00,8.00,28.70,24.60,34.10
1964.00,9.00,23.90,19.90,28.90
1965.00,10.00,16.60,12.20,21.70
1965.00,11.00,10.30,5.00,16.50
1965.00,0.00,6.20,1.30,12.00
1965.00,1.00,3.30,-0.70,8.50
1965.00,2.00,3.80,-0.50,9.20
1965.00,3.00,5.50,0.30,11.40
1965.00,4.00,10.70,5.10,16.40
1965.00,5.00,17.90,12.30,23.90
1965.00,6.00,22.00,17.20,27.40
1965.00,7.00,25.80,22.40,30.30
1965.00,8.00,27.70,22.30,34.00
1965.00,9.00,21.70,17.20,27.10
1966.00,10.00,15.90,10.30,22.70
1966.00,11.00,11.80,7.00,17.40
1966.00,0.00,5.80,1.90,10.40
1966.00,1.00,3.40,-0.70,8.30
1966.00,2.00,5.70,0.80,11.70
1966.00,3.00,8.50,3.70,13.70
1966.00,4.00,13.50,8.60,19.10
1966.00,5.00,17.40,11.70,23.10
1966.00,6.00,21.40,17.20,26.40
1966.00,7.00,25.80,21.40,31.20
1966.00,8.00,27.90,23.70,33.60
1966.00,9.00,23.20,19.30,28.40
1967.00,10.00,17.20,12.10,23.10
1967.00,11.00,10.70,5.40,17.20
1967.00,0.00,4.70,0.60,10.00
1967.00,1.00,3.20,-1.00,8.60
1967.00,2.00,4.10,-0.20,9.60
1967.00,3.00,7.70,2.40,13.90
1967.00,4.00,13.80,8.90,19.10
1967.00,5.00,19.90,13.40,27.20
1967.00,6.00,23.10,17.80,29.10
1967.00,7.00,26.60,22.80,31.20
1967.00,8.00,28.40,23.90,34.20
1967.00,9.00,23.70,19.10,29.10
1968.00,10.00,16.40,11.70,22.00
1968.00,11.00,12.00,7.00,17.40
1968.00,0.00,4.60,0.10,9.90
1968.00,1.00,3.40,-0.70,8.30
1968.00,2.00,2.30,-2.10,7.70
1968.00,3.00,8.00,2.90,13.70
1968.00,4.00,14.30,8.50,20.30
1968.00,5.00,18.10,12.80,23.70
1968.00,6.00,22.40,17.70,27.80
1968.00,7.00,25.60,22.10,30.00
1968.00,8.00,26.90,23.10,31.70
1968.00,9.00,22.50,18.50,27.10
1969.00,10.00,15.70,11.70,20.40
1969.00,11.00,11.60,6.10,18.10
1969.00,0.00,9.00,4.80,13.60
1969.00,1.00,4.80,0.90,9.20
1969.00,2.00,5.00,1.50,9.30
1969.00,3.00,6.90,2.70,11.80
1969.00,4.00,13.80,8.20,19.90
1969.00,5.00,19.00,12.40,25.70
1969.00,6.00,21.40,16.60,26.60
1969.00,7.00,26.10,22.20,30.80
1969.00,8.00,28.10,23.70,33.60
1969.00,9.00,24.70,20.50,29.90
1970.00,10.00,16.70,11.90,22.40
1970.00,11.00,11.00,6.60,16.10
1970.00,0.00,5.70,1.10,10.80
1970.00,1.00,3.60,-0.80,8.70
1970.00,2.00,5.10,0.80,10.50
1970.00,3.00,5.00,0.90,10.20
1970.00,4.00,13.10,8.80,18.10
1970.00,5.00,19.20,14.10,24.80
1970.00,6.00,21.00,17.40,25.10
1970.00,7.00,26.50,22.80,31.10
1970.00,8.00,27.70,23.80,32.70
1970.00,9.00,24.70,21.30,29.30
1971.00,10.00,17.30,12.90,22.50
1971.00,11.00,11.20,6.80,16.30
1971.00,0.00,6.20,2.00,10.90
1971.00,1.00,4.30,0.80,8.70
1971.00,2.00,5.10,1.50,9.30
1971.00,3.00,7.40,2.60,12.90
1971.00,4.00,13.60,8.00,19.90
1971.00,5.00,18.50,13.60,23.90
1971.00,6.00,22.50,18.60,27.00
1971.00,7.00,26.70,23.10,31.50
1971.00,8.00,27.30,23.60,31.80
1971.00,9.00,22.90,19.50,27.20
1972.00,10.00,16.30,12.50,21.10
1972.00,11.00,11.80,7.20,17.50
1972.00,0.00,7.40,2.90,12.10
1972.00,1.00,7.10,3.40,11.20
1972.00,2.00,5.80,2.50,10.00
1972.00,3.00,8.80,3.70,14.20
1972.00,4.00,14.40,9.40,19.80
1972.00,5.00,18.70,13.70,24.30
1972.00,6.00,22.50,18.00,27.60
1972.00,7.00,27.10,23.50,31.60
1972.00,8.00,27.60,23.30,33.10
1972.00,9.00,23.10,18.90,28.30
1973.00,10.00,18.10,13.00,23.80
1973.00,11.00,12.00,7.30,16.60
1973.00,0.00,7.70,3.80,12.20
1973.00,1.00,6.20,2.80,10.20
1973.00,2.00,6.90,3.00,11.40
1973.00,3.00,7.80,3.40,13.00
1973.00,4.00,15.80,10.40,22.00
1973.00,5.00,18.40,13.20,23.90
1973.00,6.00,21.90,17.70,26.60
1973.00,7.00,28.40,24.10,33.80
1973.00,8.00,28.50,24.70,33.80
1973.00,9.00,22.30,18.70,26.80
1974.00,10.00,16.80,12.40,21.70
1974.00,11.00,10.10,5.30,15.50
1974.00,0.00,4.30,-0.30,9.40
1974.00,1.00,3.20,0.00,7.50
1974.00,2.00,4.20,0.40,8.80
1974.00,3.00,7.00,2.60,11.90
1974.00,4.00,14.40,8.60,20.30
1974.00,5.00,19.30,13.60,25.00
1974.00,6.00,22.70,18.00,28.20
1974.00,7.00,25.10,21.90,29.40
1974.00,8.00,27.60,23.40,32.90
1974.00,9.00,22.30,18.20,27.20
1975.00,10.00,17.00,12.70,21.70
1975.00,11.00,10.40,6.10,15.40
1975.00,0.00,6.60,3.40,10.40
1975.00,1.00,4.00,0.30,8.20
1975.00,2.00,3.70,0.20,7.80
1975.00,3.00,7.40,2.90,12.80
1975.00,4.00,14.10,9.50,18.80
1975.00,5.00,18.50,13.90,23.70
1975.00,6.00,22.50,18.60,27.00
1975.00,7.00,26.90,22.70,31.90
1975.00,8.00,27.20,23.40,31.90
1975.00,9.00,25.00,21.00,30.40
1976.00,10.00,17.60,14.10,21.60
1976.00,11.00,12.20,7.90,17.20
1976.00,0.00,6.30,2.60,11.10
1976.00,1.00,3.70,-0.20,8.40
1976.00,2.00,6.70,2.80,11.00
1976.00,3.00,7.90,3.30,12.70
1976.00,4.00,13.50,8.50,19.00
1976.00,5.00,18.20,13.50,23.20
1976.00,6.00,22.10,18.60,26.30
1976.00,7.00,25.60,21.90,30.40
1976.00,8.00,26.40,22.30,31.30
1976.00,9.00,21.20,17.30,26.10
1977.00,10.00,16.60,12.70,21.70
1977.00,11.00,10.30,5.70,15.00
1977.00,0.00,6.00,1.80,10.60
1977.00,1.00,2.50,-0.70,6.80
1977.00,2.00,2.90,-1.40,8.20
1977.00,3.00,8.70,4.10,13.80
1977.00,4.00,14.50,9.10,20.40
1977.00,5.00,18.70,13.60,24.20
1977.00,6.00,22.20,18.70,26.00
1977.00,7.00,27.40,23.40,32.30
1977.00,8.00,27.00,23.40,31.30
1977.00,9.00,24.20,20.30,29.30
1978.00,10.00,18.40,13.20,25.00
1978.00,11.00,13.40,9.50,17.90
1978.00,0.00,8.00,3.70,12.70
1978.00,1.00,4.70,1.40,8.90
1978.00,2.00,3.50,-0.10,7.80
1978.00,3.00,7.60,2.60,13.20
1978.00,4.00,13.40,8.00,19.10
1978.00,5.00,19.30,14.20,24.80
1978.00,6.00,22.50,18.00,27.40
1978.00,7.00,28.50,24.00,34.10
1978.00,8.00,28.90,24.20,34.80
1978.00,9.00,23.80,20.30,28.40
1979.00,10.00,17.40,13.00,22.40
1979.00,11.00,11.80,7.40,16.90
1979.00,0.00,7.50,3.00,12.60
1979.00,1.00,5.70,1.50,11.00
1979.00,2.00,7.50,3.50,12.00
1979.00,3.00,8.00,3.50,13.00
1979.00,4.00,12.90,8.20,18.50
1979.00,5.00,17.90,12.10,24.00
1979.00,6.00,24.00,20.20,28.90
1979.00,7.00,25.80,22.00,30.60
1979.00,8.00,27.80,23.90,33.20
1979.00,9.00,23.70,19.80,28.20
1980.00,10.00,18.30,13.60,24.20
1980.00,11.00,12.50,8.30,17.30
1980.00,0.00,7.60,3.40,12.60
1980.00,1.00,4.20,0.40,8.40
1980.00,2.00,3.50,-0.40,8.30
1980.00,3.00,7.30,2.60,12.40
1980.00,4.00,12.70,7.30,18.20
1980.00,5.00,18.60,13.00,24.50
1980.00,6.00,23.40,19.50,27.80
1980.00,7.00,24.90,21.70,29.20
1980.00,8.00,25.60,22.70,29.40
1980.00,9.00,22.20,18.30,26.90
1981.00,10.00,17.40,13.40,21.90
1981.00,11.00,12.20,7.80,17.40
1981.00,0.00,5.10,1.20,9.70
1981.00,1.00,2.40,-1.20,6.60
1981.00,2.00,3.90,-0.10,8.20
1981.00,3.00,8.30,3.70,13.30
1981.00,4.00,13.50,8.00,19.00
1981.00,5.00,17.70,12.10,23.80
1981.00,6.00,22.30,18.50,26.90
1981.00,7.00,27.40,23.70,32.50
1981.00,8.00,26.70,22.80,31.70
1981.00,9.00,22.00,17.90,26.60
1982.00,10.00,16.00,11.70,21.00
1982.00,11.00,9.60,5.80,14.00
1982.00,0.00,5.80,1.90,10.60
1982.00,1.00,3.80,-0.10,8.60
1982.00,2.00,4.30,0.70,8.70
1982.00,3.00,8.60,3.60,14.10
1982.00,4.00,13.40,8.00,19.30
1982.00,5.00,20.20,14.70,26.10
1982.00,6.00,21.60,16.90,27.20
1982.00,7.00,24.20,20.50,28.70
1982.00,8.00,26.40,22.80,31.10
1982.00,9.00,22.10,18.50,26.40
1983.00,10.00,17.30,12.50,22.70
1983.00,11.00,13.40,9.40,17.40
1983.00,0.00,7.00,2.90,11.70
1983.00,1.00,4.80,1.00,9.10
1983.00,2.00,4.50,0.30,9.20
1983.00,3.00,7.80,3.80,12.50
1983.00,4.00,15.90,10.80,21.70
1983.00,5.00,19.40,13.80,25.50
1983.00,6.00,21.80,17.20,27.10
1983.00,7.00,25.70,21.90,30.50
1983.00,8.00,28.50,24.50,33.50
1983.00,9.00,23.80,20.30,28.10
1984.00,10.00,16.50,12.00,21.70
1984.00,11.00,10.90,6.30,16.10
1984.00,0.00,5.10,1.40,9.90
1984.00,1.00,2.20,-0.90,6.10
1984.00,2.00,2.30,-0.80,6.40
1984.00,3.00,5.10,0.80,10.00
1984.00,4.00,13.10,8.40,18.30
1984.00,5.00,18.40,12.80,24.20
1984.00,6.00,23.70,20.00,28.20
1984.00,7.00,27.00,23.60,31.30
1984.00,8.00,28.80,24.60,34.00
1984.00,9.00,23.20,19.30,28.10
1985.00,10.00,16.60,12.30,21.80
1985.00,11.00,12.20,7.80,17.50
1985.00,0.00,6.60,2.90,11.00
1985.00,1.00,3.10,-0.50,7.40
1985.00,2.00,5.50,2.10,9.40
1985.00,3.00,8.50,4.70,12.80
1985.00,4.00,14.60,9.10,20.70
1985.00,5.00,19.70,14.70,25.20
1985.00,6.00,21.80,18.20,26.20
1985.00,7.00,27.00,22.90,32.20
1985.00,8.00,29.20,25.20,34.40
1985.00,9.00,24.30,20.70,29.30
1986.00,10.00,17.70,13.40,22.80
1986.00,11.00,11.30,7.30,16.00
1986.00,0.00,5.40,1.70,9.90
1986.00,1.00,2.80,-0.70,7.30
1986.00,2.00,2.60,-0.90,6.90
1986.00,3.00,7.60,3.20,12.60
1986.00,4.00,14.10,8.50,19.90
1986.00,5.00,18.00,13.30,23.20
1986.00,6.00,22.50,18.10,27.50
1986.00,7.00,25.60,22.10,30.30
1986.00,8.00,28.00,24.10,33.20
1986.00,9.00,24.00,19.90,29.30
1987.00,10.00,15.80,11.30,21.00
1987.00,11.00,11.00,6.70,16.10
1987.00,0.00,7.60,3.60,12.20
1987.00,1.00,4.80,1.30,9.10
1987.00,2.00,5.30,1.60,10.10
1987.00,3.00,8.20,4.00,12.60
1987.00,4.00,13.90,8.40,19.90
1987.00,5.00,18.80,13.60,24.20
1987.00,6.00,23.40,18.50,29.00
1987.00,7.00,27.00,23.50,31.70
1987.00,8.00,28.10,24.10,33.20
1987.00,9.00,23.60,19.40,28.50
1988.00,10.00,18.70,14.40,23.70
1988.00,11.00,12.10,7.80,17.20
1988.00,0.00,7.00,2.70,12.40
1988.00,1.00,5.90,2.10,10.20
1988.00,2.00,3.90,0.60,8.20
1988.00,3.00,7.30,3.20,11.90
1988.00,4.00,13.50,8.30,19.20
1988.00,5.00,18.20,12.80,24.00
1988.00,6.00,22.70,18.70,27.20
1988.00,7.00,25.40,22.30,29.50
1988.00,8.00,27.40,23.80,31.90
1988.00,9.00,24.00,20.70,28.50
1989.00,10.00,16.40,12.30,21.50
1989.00,11.00,9.60,5.00,15.10
1989.00,0.00,5.90,1.80,10.80
1989.00,1.00,6.80,3.20,10.40
1989.00,2.00,6.60,3.00,10.50
1989.00,3.00,8.20,4.00,13.10
1989.00,4.00,14.50,9.10,20.60
1989.00,5.00,18.10,13.40,23.10
1989.00,6.00,21.80,17.80,26.60
1989.00,7.00,25.70,22.10,30.10
1989.00,8.00,27.00,23.10,31.90
1989.00,9.00,23.80,20.20,28.20
1990.00,10.00,16.90,12.00,22.40
1990.00,11.00,12.60,8.20,17.70
1990.00,0.00,7.00,3.30,11.50
1990.00,1.00,4.40,1.00,8.20
1990.00,2.00,7.90,4.50,11.70
1990.00,3.00,9.30,4.70,14.50
1990.00,4.00,13.80,8.60,19.30
1990.00,5.00,18.60,13.80,23.80
1990.00,6.00,24.20,19.80,29.20
1990.00,7.00,27.60,23.70,32.50
1990.00,8.00,29.00,24.50,34.60
1990.00,9.00,24.70,21.20,29.10
1991.00,10.00,17.90,14.00,22.50
1991.00,11.00,13.70,9.20,18.90
1991.00,0.00,7.70,4.10,12.20
1991.00,1.00,5.10,2.00,8.80
1991.00,2.00,4.30,0.90,8.60
1991.00,3.00,9.40,5.60,14.00
1991.00,4.00,15.00,9.90,20.60
1991.00,5.00,18.70,14.40,23.70
1991.00,6.00,24.00,20.30,28.10
1991.00,7.00,27.00,23.30,31.60
1991.00,8.00,27.40,23.80,32.00
1991.00,9.00,24.80,21.00,29.60
1992.00,10.00,17.70,14.00,21.90
1992.00,11.00,11.80,7.40,16.70
1992.00,0.00,8.40,4.70,12.90
1992.00,1.00,6.10,2.40,10.40
1992.00,2.00,5.10,1.40,9.30
1992.00,3.00,9.70,5.80,13.80
1992.00,4.00,14.40,9.10,19.80
1992.00,5.00,17.10,12.40,22.60
1992.00,6.00,21.90,17.40,27.00
1992.00,7.00,26.60,22.60,31.50
1992.00,8.00,27.80,24.40,32.10
1992.00,9.00,23.60,19.90,28.40
1993.00,10.00,17.90,14.10,22.80
1993.00,11.00,11.90,7.50,16.80
1993.00,0.00,8.10,4.50,12.30
1993.00,1.00,5.80,2.60,9.50
1993.00,2.00,6.10,2.10,10.80
1993.00,3.00,7.60,3.20,12.70
1993.00,4.00,13.30,8.20,19.10
1993.00,5.00,18.20,13.20,23.80
1993.00,6.00,22.10,18.40,26.60
1993.00,7.00,24.70,21.80,28.50
1993.00,8.00,25.70,22.30,30.30
1993.00,9.00,22.10,18.60,26.40
1994.00,10.00,16.80,12.70,21.70
1994.00,11.00,13.40,9.20,17.60
1994.00,0.00,7.10,3.50,11.30
1994.00,1.00,4.80,1.20,9.40
1994.00,2.00,4.60,1.10,8.90
1994.00,3.00,7.10,2.80,12.00
1994.00,4.00,15.60,10.20,21.70
1994.00,5.00,20.00,14.70,25.60
1994.00,6.00,23.30,18.90,28.20
1994.00,7.00,29.40,25.20,34.70
1994.00,8.00,29.80,25.60,35.70
1994.00,9.00,25.10,21.00,30.40
1995.00,10.00,19.60,15.60,24.50
1995.00,11.00,13.10,9.10,18.20
1995.00,0.00,7.70,4.00,12.00
1995.00,1.00,4.60,1.20,8.40
1995.00,2.00,4.90,1.10,9.70
1995.00,3.00,8.60,4.30,13.70
1995.00,4.00,13.60,8.90,18.60
1995.00,5.00,18.20,13.60,23.10
1995.00,6.00,21.30,17.60,25.80
1995.00,7.00,26.90,23.40,31.30
1995.00,8.00,29.90,25.20,35.50
1995.00,9.00,23.00,19.00,27.60
1996.00,10.00,18.50,13.80,24.00
1996.00,11.00,10.30,5.60,15.80
1996.00,0.00,5.30,2.00,10.10
1996.00,1.00,4.70,1.10,9.10
1996.00,2.00,3.70,0.10,8.40
1996.00,3.00,7.70,3.50,12.50
1996.00,4.00,11.70,6.20,17.60
1996.00,5.00,18.80,13.60,24.60
1996.00,6.00,23.20,19.80,27.50
1996.00,7.00,27.50,23.30,32.50
1996.00,8.00,27.60,23.60,32.80
1996.00,9.00,22.40,18.30,27.10
1997.00,10.00,17.20,13.00,22.50
1997.00,11.00,12.30,8.20,16.80
1997.00,0.00,7.10,2.70,12.20
1997.00,1.00,4.60,1.10,9.20
1997.00,2.00,4.60,0.70,9.70
1997.00,3.00,9.30,4.40,14.70
1997.00,4.00,14.40,9.30,19.90
1997.00,5.00,19.30,14.20,24.80
1997.00,6.00,23.30,18.90,28.10
1997.00,7.00,26.50,22.80,30.40
1997.00,8.00,28.00,24.00,33.00
1997.00,9.00,23.80,20.10,28.40
1998.00,10.00,16.90,12.00,22.80
1998.00,11.00,13.10,8.60,18.40
1998.00,0.00,7.90,3.90,12.50
1998.00,1.00,4.90,1.60,9.00
1998.00,2.00,7.00,3.00,11.90
1998.00,3.00,9.70,5.00,15.20
1998.00,4.00,17.30,12.50,22.80
1998.00,5.00,21.20,16.50,26.20
1998.00,6.00,22.90,19.20,27.00
1998.00,7.00,27.40,23.80,31.90
1998.00,8.00,28.90,25.30,33.80
1998.00,9.00,25.00,21.70,29.20
1999.00,10.00,20.10,16.70,24.30
1999.00,11.00,12.50,8.10,17.20
1999.00,0.00,8.30,4.40,13.20
1999.00,1.00,5.10,1.50,9.50
1999.00,2.00,4.70,0.60,9.60
1999.00,3.00,9.90,5.80,14.30
1999.00,4.00,14.10,9.60,19.10
1999.00,5.00,19.90,14.40,25.60
1999.00,6.00,23.10,19.10,27.70
1999.00,7.00,26.40,22.80,31.00
1999.00,8.00,28.30,24.80,32.80
1999.00,9.00,26.40,23.00,31.00
2000.00,10.00,18.90,14.70,24.10
2000.00,11.00,12.70,8.60,17.70
2000.00,0.00,6.90,3.20,11.70
2000.00,1.00,6.00,2.60,9.90
2000.00,2.00,3.60,0.30,8.00
2000.00,3.00,7.50,3.00,12.90
2000.00,4.00,13.50,8.30,19.00
2000.00,5.00,20.20,15.30,26.10
2000.00,6.00,23.20,19.00,27.90
2000.00,7.00,28.30,24.00,33.60
2000.00,8.00,28.90,24.60,34.80
2000.00,9.00,24.60,20.70,29.60
2001.00,10.00,18.60,14.30,23.20
2001.00,11.00,13.30,9.30,18.00
2001.00,0.00,7.20,3.10,11.80
2001.00,1.00,3.90,0.70,7.90
2001.00,2.00,5.30,1.30,10.00
2001.00,3.00,8.60,3.70,13.90
2001.00,4.00,14.70,8.80,20.80
2001.00,5.00,20.00,14.80,25.50
2001.00,6.00,23.60,19.60,28.40
2001.00,7.00,28.80,24.50,34.30
2001.00,8.00,28.20,24.40,33.60
2001.00,9.00,23.50,19.40,28.30
2002.00,10.00,18.10,13.60,23.50
2002.00,11.00,11.40,6.60,16.90
2002.00,0.00,6.50,2.80,11.10
2002.00,1.00,5.70,1.90,9.80
2002.00,2.00,6.10,2.10,11.00
2002.00,3.00,10.30,4.90,16.50
2002.00,4.00,15.80,10.90,21.80
2002.00,5.00,19.20,14.70,24.70
2002.00,6.00,23.10,18.40,28.30
2002.00,7.00,28.60,24.70,33.30
2002.00,8.00,28.20,24.30,33.40
2002.00,9.00,24.10,20.10,29.00
2003.00,10.00,17.70,13.20,23.10
2003.00,11.00,9.50,5.40,14.70
2003.00,0.00,6.90,3.60,11.10
2003.00,1.00,3.90,0.50,8.00
2003.00,2.00,5.50,1.80,10.00
2003.00,3.00,7.30,3.00,12.50
2003.00,4.00,15.10,10.30,20.20
2003.00,5.00,19.60,14.50,24.90
2003.00,6.00,22.70,19.00,27.10
2003.00,7.00,24.30,21.10,28.50
2003.00,8.00,27.60,23.90,32.60
2003.00,9.00,25.00,21.30,29.90
2004.00,10.00,16.90,12.40,22.30
2004.00,11.00,14.40,10.80,18.50
2004.00,0.00,7.20,3.70,11.60
2004.00,1.00,4.30,0.80,8.80
2004.00,2.00,6.40,1.60,12.30
2004.00,3.00,9.10,4.20,14.80
2004.00,4.00,15.40,9.20,22.10
2004.00,5.00,20.30,15.70,25.50
2004.00,6.00,24.40,20.00,29.40
2004.00,7.00,28.90,24.60,34.50
2004.00,8.00,27.70,23.90,32.70
2004.00,9.00,25.30,21.90,30.00
2005.00,10.00,18.00,14.10,22.60
2005.00,11.00,13.50,9.30,18.70
2005.00,0.00,8.60,4.60,13.40
2005.00,1.00,4.50,1.20,8.90
2005.00,2.00,4.90,1.40,9.00
2005.00,3.00,7.70,3.30,12.90
2005.00,4.00,15.30,9.50,21.60
2005.00,5.00,18.50,13.10,24.50
2005.00,6.00,24.60,20.30,29.70
2005.00,7.00,26.80,23.30,31.30
2005.00,8.00,28.20,24.40,33.40
2005.00,9.00,25.30,21.70,30.10
2006.00,10.00,18.80,14.90,23.40
2006.00,11.00,11.80,7.40,17.30
2006.00,0.00,3.90,0.60,8.10
2006.00,1.00,4.00,0.90,8.20
2006.00,2.00,5.50,1.70,9.90
2006.00,3.00,7.50,3.20,12.50
2006.00,4.00,12.60,8.10,17.30
2006.00,5.00,19.00,14.50,23.80
2006.00,6.00,23.50,19.10,28.40
2006.00,7.00,26.30,23.10,30.50
2006.00,8.00,29.20,25.10,34.90
2006.00,9.00,23.60,19.70,28.60
2007.00,10.00,19.20,15.10,24.30
2007.00,11.00,13.30,9.00,18.00
2007.00,0.00,7.60,4.10,11.70
2007.00,1.00,5.80,1.90,10.60
2007.00,2.00,7.30,2.60,12.40
2007.00,3.00,8.60,3.70,14.30
2007.00,4.00,13.50,8.10,19.30
2007.00,5.00,18.90,13.50,24.80
2007.00,6.00,23.10,19.10,27.90
2007.00,7.00,25.30,22.00,29.50
2007.00,8.00,29.10,24.80,34.60
2007.00,9.00,26.10,22.30,31.10
2008.00,10.00,18.70,14.60,23.80
2008.00,11.00,12.00,8.00,17.10
2008.00,0.00,7.70,4.10,12.10
2008.00,1.00,4.60,1.60,8.70
2008.00,2.00,3.60,0.20,8.30
2008.00,3.00,9.60,4.90,15.10
2008.00,4.00,14.40,9.40,19.90
2008.00,5.00,19.30,14.00,25.10
2008.00,6.00,22.30,18.20,27.00
2008.00,7.00,28.50,24.50,34.00
2008.00,8.00,28.00,24.30,33.10
2008.00,9.00,24.00,20.20,28.60
2009.00,10.00,18.50,14.40,23.60
2009.00,11.00,11.90,8.10,16.90
2009.00,0.00,7.60,3.30,12.70
2009.00,1.00,5.20,1.70,9.60
2009.00,2.00,6.70,2.70,11.20
2009.00,3.00,8.80,4.20,14.20
2009.00,4.00,14.60,9.10,20.60
2009.00,5.00,19.30,14.30,24.80
2009.00,6.00,23.50,19.20,28.90
2009.00,7.00,26.60,23.40,31.10
2009.00,8.00,27.40,23.70,32.10
2009.00,9.00,23.50,19.40,28.70
2010.00,10.00,18.10,13.90,23.10
2010.00,11.00,12.30,8.40,17.20
2010.00,0.00,7.20,3.60,11.60
2010.00,1.00,4.70,0.90,9.30
2010.00,2.00,6.80,3.10,11.30
2010.00,3.00,8.50,4.50,13.20
2010.00,4.00,12.60,8.10,17.50
2010.00,5.00,18.10,13.00,23.90
2010.00,6.00,23.70,19.40,28.80
2010.00,7.00,27.60,24.00,32.40
2010.00,8.00,30.10,26.30,35.20
2010.00,9.00,25.90,21.80,31.20
2011.00,10.00,19.10,15.50,23.60
2011.00,11.00,11.80,7.30,16.90
2011.00,0.00,7.50,3.70,12.00
2011.00,1.00,2.80,-0.70,7.50
2011.00,2.00,6.30,2.00,12.00
2011.00,3.00,6.80,2.30,12.30
2011.00,4.00,12.50,7.00,19.10
2011.00,5.00,19.00,14.30,23.90
2011.00,6.00,24.10,20.60,28.40
2011.00,7.00,27.90,24.20,32.60
2011.00,8.00,28.70,25.00,33.60
2011.00,9.00,24.70,20.70,29.50
2012.00,10.00,18.40,14.00,23.50
2012.00,11.00,13.80,9.90,18.30
2012.00,0.00,6.50,3.20,10.90
2012.00,1.00,4.10,1.10,8.20
2012.00,2.00,4.10,0.60,8.20
2012.00,3.00,8.30,4.00,13.00
2012.00,4.00,14.20,9.20,20.00
2012.00,5.00,18.80,13.90,24.30
2012.00,6.00,22.70,19.00,27.10
2012.00,7.00,27.50,23.80,32.30
2012.00,8.00,29.00,25.10,34.50
2012.00,9.00,25.60,21.90,30.90
2013.00,10.00,18.20,13.80,23.50
2013.00,11.00,11.10,7.50,15.30
2013.00,0.00,5.40,1.80,9.40
2013.00,1.00,3.90,0.40,8.10
2013.00,2.00,4.50,1.40,8.80
2013.00,3.00,9.70,4.30,15.90
2013.00,4.00,13.40,7.80,19.50
2013.00,5.00,19.20,13.50,25.70
2013.00,6.00,24.10,20.10,29.10
2013.00,7.00,28.00,24.10,33.50
2013.00,8.00,29.20,25.00,35.10
2013.00,9.00,24.30,20.20,29.70
2014.00,10.00,20.00,16.60,24.30
2014.00,11.00,11.50,7.30,16.30
2014.00,0.00,6.30,3.00,10.50
2014.00,1.00,4.40,0.70,8.90
2014.00,2.00,5.10,1.90,9.20
2014.00,3.00,9.00,4.70,14.10
2014.00,4.00,14.40,8.90,20.80
2014.00,5.00,19.80,14.50,26.10
2014.00,6.00,24.10,20.30,29.30
2014.00,7.00,27.60,23.70,32.60
2014.00,8.00,27.50,24.40,32.20
2014.00,9.00,23.30,19.40,28.70
2015.00,10.00,18.80,14.70,23.70
2015.00,11.00,13.10,9.30,18.00
2015.00,0.00,5.50,2.20,9.30
2015.00,1.00,4.90,2.20,8.40
2015.00,2.00,5.60,2.30,9.90
2015.00,3.00,9.40,4.90,14.80
2015.00,4.00,15.60,10.90,20.50
2015.00,5.00,21.20,15.80,27.70
2015.00,6.00,22.80,18.90,27.50
2015.00,7.00,27.20,23.80,31.70
2015.00,8.00,28.30,24.60,33.60
2015.00,9.00,22.90,19.50,27.50
2016.00,10.00,18.10,13.30,23.90
2016.00,11.00,14.50,11.20,18.40
2016.00,0.00,9.00,5.30,13.20
2016.00,1.00,5.70,2.00,10.10
2016.00,2.00,6.40,2.30,11.40
2016.00,3.00,9.90,5.20,15.60
2016.00,4.00,16.10,11.40,21.60
2016.00,5.00,21.00,15.80,27.00
2016.00,6.00,23.20,19.40,28.00
2016.00,7.00,27.80,24.10,33.00
2016.00,8.00,29.00,24.90,34.70
2016.00,9.00,25.30,22.10,29.60
2017.00,10.00,19.70,15.70,24.40
2017.00,11.00,12.50,8.80,16.80
2017.00,0.00,8.20,4.40,12.50
2017.00,1.00,4.80,1.50,9.30
2017.00,2.00,5.10,1.70,9.60
2017.00,3.00,8.20,3.70,13.50
2017.00,4.00,14.80,9.80,20.50
2017.00,5.00,20.90,15.80,27.00
2017.00,6.00,22.50,17.80,28.10
2017.00,7.00,28.40,25.10,33.40
2017.00,8.00,28.70,25.10,33.60
2017.00,9.00,23.70,19.80,28.30
2018.00,10.00,18.00,15.00,21.70
2018.00,11.00,11.20,7.10,16.10
2018.00,0.00,5.60,2.10,10.00
2018.00,1.00,3.90,0.70,8.00
2018.00,2.00,4.40,0.40,9.30
2018.00,3.00,10.90,5.60,17.00
2018.00,4.00,16.40,11.10,22.50
2018.00,5.00,20.00,15.50,25.30
2018.00,6.00,23.40,19.40,28.30
2018.00,7.00,29.80,25.80,35.00
2018.00,8.00,29.50,25.50,35.00
2018.00,9.00,23.60,20.60,27.40
2019.00,10.00,18.70,14.70,23.60
2019.00,11.00,13.50,9.50,18.30
2019.00,0.00,8.20,4.90,12.10
2019.00,1.00,5.10,1.90,9.20
2019.00,2.00,6.90,3.50,11.20
2019.00,3.00,9.60,5.10,14.80
2019.00,4.00,13.90,8.90,19.50
2019.00,5.00,20.70,15.20,27.00
2019.00,6.00,23.60,19.70,28.60
2019.00,7.00,26.40,23.30,30.80
2019.00,8.00,29.30,25.70,34.30
2019.00,9.00,26.20,22.80,31.10
2020.00,10.00,20.00,16.60,24.20
2020.00,11.00,12.90,8.90,17.90
2020.00,0.00,8.30,4.70,12.30
2020.00,1.00,7.50,4.30,11.20
2020.00,2.00,6.90,3.30,11.30
2020.00,3.00,10.60,6.20,15.80
2020.00,4.00,12.90,8.10,18.30
2020.00,5.00,20.60,15.90,26.20
2020.00,6.00,24.70,20.80,29.40
2020.00,7.00,25.70,23.00,29.50
2020.00,8.00,30.50,26.40,36.20
2020.00,9.00,25.50,22.10,30.10
2021.00,10.00,17.90,14.20,22.70
2021.00,11.00,13.60,9.40,18.60
2021.00,0.00,7.20,3.60,11.90
2021.00,1.00,5.10,1.60,9.50
2021.00,2.00,7.70,3.20,12.80
2021.00,3.00,11.60,6.60,17.50
2021.00,4.00,14.80,9.70,20.70
2021.00,5.00,19.40,15.10,24.40
2021.00,6.00,23.90,19.80,28.90
2021.00,7.00,27.90,24.50,32.80
2021.00,8.00,27.70,24.50,32.30
2021.00,9.00,24.60,21.50,28.80
,,,,
